Empresa,Numero,Trimestre,Ativo total,Lucro operacional,Depositos totais,M_Roa,M_Ets,DP_Roa,z_score,TAM,LIQ,SB  t,SB t-1,PQ_dummy,Roa,Ets,LN Dep√≥sitos,Patrimonio liquido,LN PL
ABC,1,12_4t,13483126,94109,3397808,0.008596790395487,0.133843275058603,0.001677220928528,84.9262390131933,16.4169495356738,0.252004468399984,-0.181702668,0,0,0.006979761221545,0.124561099555103,15.0386410757918,1679473,14.3339906116921
ABC,1,13_1t,13973894,106113,2995667,0.008425573825037,0.131575849605613,0.001664950825628,84.0874224485609,16.4527014325498,0.214375964208688,-0.059180577,-0.181702668,0,0.007593660006295,0.125701182505034,14.9126774692442,1756535,14.3788536764787
ABC,1,13_2t,16381821,83701,3255187,0.008113881981642,0.129713274577188,0.001910356993415,72.1473300717592,16.6116828023712,0.198707274362234,-0.075362319,-0.059180577,0,0.005109383138785,0.109523782490359,14.9957602820514,1794199,14.4000692407557
ABC,1,13_3t,17195204,107445,3237657,0.007895113646369,0.127637544766534,0.001964962384431,68.9746834274236,16.6601410656921,0.188288373897745,-0.059347181,-0.075362319,0,0.006248544652334,0.108444482542923,14.9903604780226,1864725,14.4386241471047
ABC,1,13_4t,17259745,99472,3391566,0.007555138727474,0.125453536019979,0.001950192065805,68.2028591335582,16.6638874694664,0.196501512623738,-0.103368177,-0.059347181,0,0.005763236942377,0.111097933370394,15.0368023195947,1917522,14.4665442854302
ABC,1,14_1t,18393711,125561,4402343,0.00727024201763,0.122687538450132,0.001762159551018,73.7491564783177,16.7275193706762,0.239339576445449,-0.067692308,-0.103368177,0,0.006826300576322,0.107990714869881,15.2976474571607,1986350,14.5018093416954
ABC,1,14_2t,18229173,133462,4244572,0.006987118505403,0.120396723934179,0.001391704587209,91.530805898276,16.7185337808425,0.232845011674419,-0.06970128,-0.067692308,0,0.007321341456357,0.111436761283685,15.261151548145,2031400,14.5242357684875
ABC,1,14_3t,19211970,87378,4166830,0.006743561161537,0.119174326584319,0.001546499834204,81.4212099872,16.7710440802416,0.216887180231908,-0.044222539,-0.06970128,0,0.004548102042633,0.110750849600536,15.2426661128361,2127742,14.5705718814919
ABC,1,14_4t,20740424,87398,4230701,0.006238458294386,0.116078333182625,0.001249507202246,97.8920259580438,16.847595204144,0.20398334190275,-0.152442613,-0.044222539,0,0.004213896495076,0.105520745381097,15.2578782583324,2188545,14.5987474974305
ABC,1,15_1t,23115883,32239,4214161,0.00567995881128,0.113278522806257,0.001743566474545,68.2270985100131,16.9560305149777,0.182305863029329,-0.034055728,-0.152442613,0,0.001394668765195,0.098455940445797,15.2539610785965,2275896,14.637884378984
ABC,1,15_2t,23073813,147082,4579870,0.005771906093711,0.111605191500988,0.001749126229888,67.1061331017894,16.9542088960766,0.19848778353192,-0.08988764,-0.034055728,0,0.006374412412894,0.101205726162382,15.3371811714081,2335202,14.6636089549794
ABC,1,15_3t,26488017,-62660,4772643,0.005000642475941,0.108903089592012,0.002883897424809,39.4964574981375,17.0922030000091,0.180181211753224,-0.087928465,-0.08988764,0,-0.002365597998521,0.092147856896951,15.3784107974647,2440814,14.7078421481925
ABC,1,15_4t,24212410,162546,4297254,0.004978440223741,0.107160644937669,0.00286825880918,39.0965713423426,17.0023758696022,0.177481465083401,-0.152302243,-0.087928465,0,0.00671333419515,0.103651763702994,15.2734867720178,2509659,14.7356574453049
ABC,1,16_1t,23445019,216230,3597073,0.005114206435152,0.106033175132132,0.003036901581834,36.5989409179829,16.9701686209128,0.153425894003328,-0.103351955,-0.152302243,0,0.009222854543219,0.112171544838586,15.0956310171619,2629864,14.7824426917903
ABC,1,16_2t,22721700,230236,3348759,0.005532830221868,0.106767617945936,0.003364716378041,33.375903211544,16.9388309729617,0.147381533952125,-0.104683196,-0.103351955,0,0.010132868579376,0.118337096256002,15.0241003874073,2688820,14.8046129936278
ABC,1,16_3t,23543137,138254,3885058,0.005501482293734,0.107752277476078,0.00335918992975,33.7146044547203,16.9743449134496,0.165018705875942,-0.098250336,-0.104683196,0,0.005872369514734,0.120260396904627,15.1726484708874,2831307,14.8562490004612
ABC,1,16_4t,25678162,141531,4790707,0.005480523070839,0.107883476083185,0.003358192760726,33.7574425386814,17.0611514610158,0.18656736412832,-0.17707151,-0.098250336,0,0.005511726267636,0.112672316655686,15.3821885576603,2893218,14.8778799354228
ABC,1,17_1t,26191982,166795,5333425,0.005442345541861,0.108530735678256,0.003344076919759,34.0820752497361,17.0809638913601,0.203628156128085,-0.120218579,-0.17707151,0,0.006368170228584,0.115757830010726,15.4895041788882,3031927,14.9247089489374
ABC,1,17_2t,26549172,123885,5718637,0.005221087688711,0.108943084562923,0.003295942373278,34.637793784633,17.0945091187252,0.215397941600589,-0.109530583,-0.120218579,0,0.004666247218557,0.116384947899693,15.5592410482479,3089924,14.9436570531022
ABC,1,17_3t,26988588,183983,6109171,0.005410168062823,0.109682375275604,0.003318828100146,34.6786696585389,17.1109246679532,0.226361267955182,-0.124463519,-0.109530583,0,0.006817066531973,0.119622338152704,15.6253016427281,3228438,14.9875089868996
ABC,1,17_4t,28767785,125647,5831263,0.005422979070047,0.11040289733363,0.003314083898982,34.9495908776695,17.1747667426438,0.202701146438629,-0.128205128,-0.124463519,0,0.004367628581763,0.114167010077418,15.5787441729429,3284332,15.0046738406687
ABC,1,18_1t,28362556,160057,5505320,0.005777027523477,0.112246292770127,0.003061961711612,38.5450019985581,17.1605803825064,0.194105213930649,-0.120226308,-0.128205128,0,0.005643250206364,0.120576685683759,15.5212254554231,3419863,15.0451110497569
ABC,1,18_2t,30923041,4745,5206520,0.00525861361006,0.113098872190453,0.003453252426593,34.2742062205062,17.2470121274295,0.168370245345534,-0.104278075,-0.120226308,0,0.000153445451888,0.111436679206291,15.4654222442969,3445961,15.0527133785364
ABC,1,18_3t,31329947,108934,5175516,0.005745496176222,0.11504553078533,0.002582729176937,46.7687545563006,17.2600849712576,0.165193895795611,-0.114245416,-0.104278075,0,0.003476992795424,0.11550776003547,15.4594496022899,3618852,15.1016674064347
ABC,1,18_4t,32728775,210687,5874013,0.005722498563334,0.115740929934375,0.002574543426129,47.1786287482939,17.3037652183403,0.179475492131924,-0.125379171,-0.114245416,0,0.006437362840497,0.111996553491538,15.5860486038809,3665510,15.1144780377828
ABC,1,19_1t,33844450,150381,5237189,0.005324202241374,0.115809822961365,0.002343098050535,51.6982313971411,17.3372855852388,0.154742919444695,-0.096685083,-0.125379171,0,0.004443298679695,0.112998261162465,15.4712954619746,3824364,15.1569027369078
ABC,1,19_2t,34916754,201954,4361377,0.004961785774338,0.11521381423958,0.001806630924377,66.5191757720804,17.3684773292886,0.124907859419006,-0.076716016,-0.096685083,0,0.005783870974948,0.111184991594579,15.2882983911509,3882219,15.1719174553393
ABC,1,19_3t,37079847,85241,4479736,0.004663992467339,0.114083482990319,0.001932990220385,61.4320104702768,17.4285841724398,0.120813227735271,-0.085481682,-0.076716016,0,0.002298849830745,0.106696421913499,15.3150746740834,3956287,15.1908165171216
ABC,1,19_4t,36257230,200933,5209577,0.004666504777797,0.113981312334476,0.00193421139086,61.3417011568161,17.4061493676537,0.143683811477049,-0.155579399,-0.085481682,0,0.005541873993132,0.111446268785564,15.4660092204143,4040733,15.2119366691234
ABC,1,20_1t,48806383,-358767,5633742,0.004232015954233,0.111244236962674,0.002600996357712,44.3969298820915,17.7033716614502,0.115430434580657,-0.090174966,-0.155579399,0,0.001154304345807,0.082912925549103,15.5442844329727,4046680,15.213407349815
ABC,1,20_2t,49895843,-434920,6837132,0.003957352093263,0.108381897495559,0.002666018575877,42.1374594330646,17.7254482506383,0.137028088692679,-0.067961165,-0.090174966,0,0.001370280886927,0.082036874294318,15.737878903423,4093299,15.2248618043578
ABC,1,20_3t,46197273,-218488,9799980,0.003566040966095,0.105967128676234,0.002667298645418,41.0652064891566,17.6484313283358,0.21213330059547,-0.072681704,-0.067961165,0,0.002121333005955,0.090645112320807,16.0978909028224,4187557,15.2476280669631
ABC,1,20_4t,43296880,106933,10155421,0.003397532903103,0.1047068139698,0.002703176338878,39.9915999996439,17.5835911349493,0.234553182584981,-0.143776824,-0.072681704,0,0.00234553182585,0.099043233600204,16.1335182095474,4288263,15.2713923138071
ABC,1,21_1t,48637052,159587,10088626,0.003100117683981,0.102183801727356,0.002727628026403,38.599075237615,17.6998961852328,0.207426757690824,-0.04787234,-0.143776824,0,0.002074267576908,0.090300538774431,16.1269192086271,4391952,15.29528433315
BANRS,5,12_4t,46570774,275888,16014134,0.00858916058985,0.114921713000512,0.001795505269154,68.7889229356234,17.6564837349622,0.34386660612512,-0.116453794,0,0,0.00592405872404,0.105128315024354,16.588982265258,4895907,15.4039101078959
BANRS,5,13_1t,47674456,319054,15500135,0.008640255195906,0.113563351110624,0.001724923224051,70.8458235141183,17.6799062987931,0.325124527902322,-0.038297872,-0.116453794,0,0.00669234694571,0.100282444754063,16.556359291529,4780911,15.3801416720825
BANRS,5,13_2t,52479456,323680,15412177,0.008410670012627,0.111702766854482,0.001861815646687,64.5141408500021,17.7759323366927,0.293680197447169,-0.016733068,-0.038297872,0,0.006167746860791,0.093169963499622,16.5506684692197,4889509,15.4026024474118
BANRS,5,13_3t,53464434,278740,15069661,0.008002599299192,0.109853952624646,0.00198778267658,59.2904613328439,17.7945272057519,0.281863285039172,-0.008750994,-0.016733068,0,0.005213559354243,0.093714617833605,16.5281940753264,5010399,15.4270261106085
BANRS,5,13_4t,53210687,285093,15624432,0.007510588078912,0.10791472782351,0.001832303623626,62.9946447816368,17.7897698175961,0.293633344745201,-0.064354785,-0.008750994,0,0.0053578146811,0.096779092515757,16.564346400926,5149682,15.4544455231606
BANRS,5,14_1t,57445764,109020,15412986,0.006830626087661,0.10525871263514,0.002264350389762,49.501764050999,17.8663518258591,0.268305005047892,-0.032457496,-0.064354785,0,0.001897790061596,0.089846659537856,16.5507209588043,5161310,15.4567009812057
BANRS,5,14_2t,57212081,168865,15638440,0.006229071970394,0.103062218329192,0.002255337314954,48.4589553744088,17.8622756403428,0.273341569239546,-0.024571854,-0.032457496,0,0.00295156192623,0.09217673798651,16.5652425438611,5273623,15.4782281605948
BANRS,5,14_3t,59092151,318579,15654852,0.005853148195973,0.100904456440853,0.001941543586767,54.9859428160397,17.8946086647578,0.264922696755446,-0.033033033,-0.024571854,0,0.005391223616145,0.09173324897244,16.5662914588494,5420715,15.5057382835345
BANRS,5,14_4t,59561696,367188,15684770,0.005645293299702,0.099081278978115,0.00173652953639,60.3079706294556,17.9025232408616,0.263336524198371,-0.073156342,-0.033033033,0,0.00616483452721,0.095217990434658,16.568200735808,5671345,15.5509368609772
BANRS,5,15_1t,61357293,187909,15113819,0.005213027324966,0.097341296038973,0.001673759504095,61.2718393013025,17.9322245973617,0.246324736001636,-0.079318013,-0.073156342,0,0.003062537325433,0.09354969424743,16.5311200488394,5739956,15.5629621027611
BANRS,5,15_2t,63768918,293487,14869498,0.005010536154634,0.095907312182547,0.001577901821037,63.9569883193909,17.9707764509215,0.233177831243742,-0.0718065,-0.079318013,0,0.0046023518856,0.091721424534755,16.5148225586197,5848976,15.5817771611512
BANRS,5,15_3t,65292088,359940,13940244,0.004911549322107,0.094745067751844,0.001497447134246,66.5510085764464,17.9943814230466,0.213505869195055,-0.066269546,-0.0718065,0,0.005512765957186,0.093620623681081,16.4502904667303,6112686,15.6258768417502
BANRS,5,15_4t,66937790,196998,14007690,0.004663127866382,0.093713648536388,0.001560165337527,63.0553531965286,18.0192742385625,0.209264303467443,-0.120391517,-0.066269546,0,0.002943001255345,0.09275128443888,16.4551170224916,6208566,15.6414405093696
BANRS,5,16_1t,65965411,312329,12706762,0.004499993865711,0.093344335437479,0.001425205577904,68.6527830231471,18.0046410868574,0.192627648450489,-0.077769049,-0.120391517,0,0.004734738937653,0.095850687567156,16.3576448506773,6322830,15.6596774507075
BANRS,5,16_2t,67864819,355048,13120506,0.004421989501936,0.093494872800662,0.001349218289569,72.5730321473024,18.033028328651,0.193332955032268,-0.071260767,-0.077769049,0,0.005231694495494,0.094976411857814,16.3896869078097,6445557,15.6789016142053
BANRS,5,16_3t,67888144,203683,13074001,0.00423754901481,0.09362987370451,0.001382052621572,70.8130943726259,18.0333719675627,0.192581505837013,-0.037537538,-0.071260767,0,0.003000273508729,0.095334628679788,16.3861361596425,6472091,15.6830097981902
BANRS,5,16_4t,69038486,233795,13780899,0.004073268164933,0.093342526702456,0.001353657984427,71.9648507880962,18.0501746751827,0.199611836794915,-0.121049092,-0.037537538,0,0.003386444482575,0.093330928491103,16.4387940608993,6443426,15.678570944203
BANRS,5,17_1t,68889834,182556,13826740,0.004135949834444,0.093699897451555,0.001257783542666,77.7843277219689,18.0480191779279,0.200707988351373,-0.074738416,-0.121049092,0,0.002649970095733,0.094135108527043,16.4421149564043,6484952,15.6849949740091
BANRS,5,17_2t,70502775,302430,14160103,0.004247454539539,0.093823191867393,0.001201281647323,81.638345699779,18.07116262871,0.200844619236619,-0.068613139,-0.074738416,0,0.004289618387361,0.093656270976568,16.4659389202147,6603027,15.7030387382188
BANRS,5,17_3t,71322435,320291,14231862,0.004172414808664,0.094043371900067,0.001150385922171,85.3763809307986,18.0827214922721,0.199542570300635,-0.040339703,-0.068613139,0,0.004490746845645,0.094375409364529,16.4709938118221,6731084,15.7222467584871
BANRS,5,17_4t,73287391,789357,15352738,0.004556237497383,0.094107897443509,0.002181683002412,45.2238637931491,18.1098991329603,0.209486758779556,-0.091697646,-0.040339703,0,0.010770706791841,0.095992296955966,16.5468043874267,7035025,15.7664118021846
BANRS,5,18_1t,71783539,420683,15255142,0.004789395910462,0.094668546956939,0.002156904205947,46.111432576921,18.0891657458955,0.212515880555847,-0.039295393,-0.091697646,0,0.005860438282376,0.100277488408589,16.5404271845131,7198273,15.7893516941039
BANRS,5,18_2t,75331217,442206,15621730,0.004895046258351,0.09480733566214,0.002177857712441,45.7800256421487,18.1374051752535,0.207373923084237,-0.04109589,-0.039295393,0,0.005870156060269,0.09338688899716,16.5641734516846,7034948,15.7664008568899
BANRS,5,18_3t,75840006,503754,16344426,0.004989176213907,0.09497398290887,0.002230751765774,44.8114221656121,18.144136495025,0.215511929152537,-0.048669695,-0.04109589,0,0.006642325423867,0.095620390641847,16.6093974797508,7251851,15.7967673045895
BANRS,5,18_4t,77427882,416515,17499546,0.005192208852369,0.095078776654356,0.002136470282167,46.9330120543644,18.1648575062499,0.226010909093445,-0.117909118,-0.048669695,0,0.005379392916882,0.094008809384712,16.6776854957001,7278903,15.8004907220053
BANRS,5,19_1t,77870596,461132,17598544,0.005291128365177,0.094977125996359,0.002140839307548,46.835955416191,18.1705589813058,0.225997294280372,-0.071379071,-0.117909118,0,0.005921773091348,0.094630879671192,16.6833267293136,7368963,15.8127875487025
BANRS,5,19_2t,79465734,495164,18263296,0.005374417468599,0.094951010672062,0.002157692613666,46.496626769372,18.1908364678413,0.229826053075908,-0.061980831,-0.071379071,0,0.006231163736561,0.094663027966243,16.7204039206758,7522467,15.8334047006372
BANRS,5,19_3t,80637566,427811,18530443,0.005566507681782,0.095001969745475,0.002025685915275,49.6466291585071,18.2054751783001,0.229799136050312,-0.06675063,-0.061980831,0,0.005305356066923,0.095946137560749,16.7349255051533,7736863,15.8615068662532
BANRS,5,19_4t,81549589,215061,19392004,0.005504069030982,0.095189241423573,0.002108832849348,47.7483601821205,18.2167218471657,0.237794012671235,-0.129726585,-0.06675063,0,0.002637180672977,0.095578188628271,16.7803713741218,7794362,15.8689112097863
BANRS,5,20_1t,82939748,318517,53966080,0.005603266691968,0.095449938523044,0.001750989009106,57.7120728282532,18.2336249744369,0.650666071471546,-0.050400916,-0.129726585,0,0.003840342027564,0.097263473720706,17.8038662590127,8067008,15.9032932156132
BANRS,5,20_2t,86600414,498190,57235767,0.005725193814772,0.095552314053386,0.001747937173791,57.9411602354642,18.2768151541217,0.660917937413094,-0.026133333,-0.050400916,0,0.005752743861017,0.094884777340672,17.862689558136,8217061,15.9217231605197
BANRS,5,20_3t,90033716,670418,60307872,0.005971489855942,0.095418875334987,0.001779263215857,56.9844665406151,18.3156947803634,0.669836531016891,-0.021074816,-0.026133333,0,0.007446299339683,0.092774144743731,17.9149732004405,8352801,15.9381074896784
BANRS,5,20_4t,91675242,4326582,62820455,0.00900681940212,0.095004318613142,0.007918255171448,13.1356133091437,18.3337629116782,0.685249950035583,-0.106382979,-0.021074816,0,0.047194661345972,0.09101761629383,17.9557912949648,8344062,15.9370607061241
BANRS,5,21_1t,95410646,902957,61387514,0.009307108042198,0.094140922694409,0.007935698681623,13.0357810807723,18.3737007234839,0.643403190038143,0.026275116,-0.106382979,0,0.009463901963309,0.089916737383793,17.9327170173891,8579014,15.9648295464456
BBrasil,6,12_4t,1150486189,5332022,353051671,0.0049826454544,0.058413887062416,0.001166109819838,54.3658336790447,20.8634504630217,0.306871715954167,-0.030664097,0,0,0.009544087742906,0.104957628190223,15.4114244314505,66069965,18.0062248142647
BBrasil,6,13_1t,1179208286,4083308,353397068,0.004842449960075,0.058476110679307,0.001243373529935,50.9248098941878,20.8881091061725,0.299690115983462,0.051878354,-0.030664097,0,0.011937742961912,0.104727453991863,15.3702460029575,62121413,17.9446013022836
BBrasil,6,13_2t,1214699573,2342189,375845548,0.004508829852466,0.058579042436931,0.001445262065501,43.651510542864,20.9177626181433,0.309414406948178,0.046605876,0.051878354,0,0.008431402432042,0.087372061283596,15.5503463505053,64721314,17.9856011333514
BBrasil,6,13_3t,1259259852,4259103,378152743,0.004352205856096,0.057900323046959,0.0014580382502,42.6960876331644,20.953789966264,0.300297625148141,0.053521127,0.046605876,0,0.005753170642468,0.093512191078957,15.6025222744297,65924275,18.0040172927977
BBrasil,6,13_4t,1303915123,3935339,395192185,0.003986765506987,0.057334344593747,0.001138270977817,53.8721546062131,20.9886372086085,0.303081219037292,-0.007319624,0.053521127,0,0.004504898697181,0.099987991095735,15.5504234470801,72224795,18.0952939659602
BBrasil,6,14_1t,1369965301,4733278,390176976,0.003807929403254,0.056794632188182,0.001024484126805,59.1542221160867,21.0380512487285,0.284807925949068,0.0756396,-0.007319624,0,0.006493959573498,0.100286410159946,15.6440309868617,73517129,18.1130289846507
BBrasil,6,14_2t,1401127767,4757011,384816768,0.003595567599282,0.056030317500651,0.000775414078237,76.8955410708209,21.0605432971452,0.274647877990416,0.1055505,0.0756396,0,0.00594416197255,0.098749922819317,15.5618154437829,71790625,18.0892644544627
BBrasil,6,14_3t,1431629105,3887122,386232793,0.003518138372018,0.05578361696144,0.000815459117178,72.7219232506296,21.082078867049,0.269785513336571,0.075709779,0.1055505,0,0.003399614899647,0.096021960718278,15.6200837463827,81246059,18.2129928733824
BBrasil,6,14_4t,1437485512,4456577,401177785,0.003367346373853,0.055495740579225,0.000692810855181,84.9627088156237,21.0861612519763,0.279083011029331,0.022767641,0.075709779,0,0.00410280939228,0.100246867155104,15.6106081162353,80613194,18.2051728913504
BBrasil,6,15_1t,1523665704,2202185,404794428,0.003172237003462,0.055088471618988,0.000870810843549,66.9039769705191,21.1443849158185,0.265671417908347,0.077943615,0.022767641,0,0.003383820426065,0.096627509912183,15.6614014569275,83598039,18.241530620842
BBrasil,6,15_2t,1533864244,5160408,393142476,0.003098262275375,0.054639890639542,0.000806041604491,71.6317279321926,21.151056037931,0.256308521134026,0.065785694,0.077943615,0,0.001616779061938,0.087723927708876,15.6754343110509,82642687,18.2300368967679
BBrasil,6,15_3t,1574960866,-3470881,409079766,0.002641442434999,0.054235487785194,0.001724738261418,32.9771371648156,21.1774962619312,0.25973963850858,0.007271578,0.065785694,0,-0.003342808850367,0.0962033586718,15.6552889416442,83814448,18.2441159610925
BBrasil,6,15_4t,1401128757,2456156,406119891,0.002401309293122,0.054299266158838,0.001619391892612,35.0134984068062,21.0605440037187,0.289851941851194,0.016431382,0.007271578,0,0.002985808371147,0.098700381379637,15.6409191581237,81536173,18.2165573202338
BBrasil,6,16_1t,1404881655,4063093,397930613,0.002353756870093,0.054901082392437,0.001593561809426,35.9288475187328,21.0632189048677,0.283248493980797,0.078664403,0.016431382,0,-0.000413475065467,0.097567187506962,15.6337144378215,84155791,18.2481802938209
BBrasil,6,16_2t,1445115497,4611087,383520384,0.002458973893515,0.055273086181423,0.001604554451972,35.9801189694579,21.0914550840364,0.26539081810151,0.126113455,0.078664403,0,0.007303511165592,0.08924149235352,15.5571495535535,83449338,18.2397502751467
BBrasil,6,16_3t,1448211895,3803097,382117728,0.002395960281429,0.055843210002146,0.00157965527293,36.8682783399574,21.0935954565298,0.263854847014635,0.029504742,0.126113455,0,0.01152367172722,0.09623239199492,15.5761876014925,85724139,18.2666450125183
BBrasil,6,16_4t,1401376974,1667282,394668312,0.002243597871729,0.056412321387094,0.001602207285152,36.6094448592168,21.0607211430536,0.281628940194075,0.007801306,0.029504742,0,0.006968496495073,0.096835362036258,15.5754927693301,87193752,18.283643234936
BBrasil,6,17_1t,1402399432,4172354,380647568,0.002203607775651,0.057277653139936,0.00157497918633,37.7663790301804,21.0614504865512,0.271425928529612,0.014238773,0.007801306,0,0.004074549914798,0.086461539645715,15.5661313158559,89820147,18.3133198622291
BBrasil,6,17_2t,1445613792,4199925,393217907,0.002162787638405,0.05824110626267,0.001547396310827,39.0358264902269,21.0917998378719,0.272007578494381,0.073749355,0.014238773,0,0.010195921455402,0.088659405340224,15.5202364681385,90783362,18.3239865888959
BBrasil,6,17_3t,1399890755,4317215,389195573,0.002193520282967,0.059081607200573,0.001562948645528,39.2048245851668,21.0596600383801,0.278018532238967,0.006020799,0.073749355,0,0.009914453293529,0.099977731334086,15.5446470036506,93564197,18.3541583575882
BBrasil,6,17_4t,1369201171,4901973,405168767,0.002233512891909,0.060416908099222,0.001594089172068,39.301704126043,21.0374933198639,0.295916170378443,0.028205519,0.006020799,0,0.011699367332568,0.099844733808705,15.5868945158294,98723402,18.4078325786297
BBrasil,6,18_1t,1422830268,4087905,415977661,0.002352492854483,0.061773429793313,0.001583156995041,40.5050938401411,21.0759138713574,0.292359299879612,0.041922862,0.028205519,0,0.011654714187929,0.102226283383296,15.5852582014132,101226764,18.4328737462557
BBrasil,6,18_2t,1450252875,4196268,431877317,0.002313255748079,0.063181231403173,0.001561486491836,41.9436783434899,21.0950037747253,0.297794491184856,0.146688338,0.041922862,0,0.007239491413513,0.103464139426682,15.6003244625044,102637831,18.4467171459361
BBrasil,6,18_3t,1471117157,5160229,448042324,0.002789212651811,0.064627504021326,0.000682589538507,98.7661147291458,21.1092879198538,0.304559240484747,0.03030303,0.146688338,0,0.00769606091599,0.105195009662543,15.5602477743463,103819851,18.4581677531861
BBrasil,6,18_4t,1417143716,6063176,442285753,0.00299966802036,0.065790920910778,0.000722229378013,95.2475640362323,21.0719092152361,0.312096612366448,0.04650815,0.03030303,0,0.009721252416996,0.09959314923823,15.7287413638078,102252882,18.442959538309
BBrasil,6,19_1t,1516959367,5472012,457407927,0.003059259611892,0.066571018514986,0.000741786090801,93.8684062567392,21.1399737518519,0.301529452238782,0.037907101,0.04650815,0,0.008269422342197,0.102779169004413,15.7177404649321,105070032,18.4701376572238
BBrasil,6,19_2t,1541400042,4078268,462509343,0.003013843943544,0.067269578611862,0.000749641630624,93.7560291266911,21.1559569585561,0.300057954066151,0.091079812,0.037907101,0,0.011375245203181,0.1031186676447,15.7788504933428,101930492,18.4398016879749
BBrasil,6,19_3t,1497428900,2568372,462835291,0.002937937612762,0.068230082497716,0.000833861832583,85.3474968269645,21.1270154076948,0.309086655800486,0.052847614,0.091079812,0,0.009794630672094,0.105414728722143,15.7123935647731,105896881,18.4779763578244
BBrasil,6,19_4t,1469222655,360289,463877736,0.002859227504198,0.069202806631664,0.001034353884655,69.6686455234724,21.1079992917473,0.315730045695491,0.065850381,0.052847614,0,0.014166220409319,0.111648741466154,15.8187986523163,108564894,18.5028586535359
BBrasil,6,20_1t,1663538088,595800,457581381,0.00934041099561,0.098614116107147,0.003420634943553,31.559791934604,21.2322125494637,0.275065166406938,0.1191067,0.065850381,0,0.000358152304596,0.061447634254588,19.9414653088279,102220480,18.4426426070476
BBrasil,6,20_2t,1780471320,3384060,497559795,0.008649138710643,0.096140566787983,0.004018049895592,26.0797422186292,21.3001439527175,0.279453979073361,0.108487085,0.1191067,0,0.001900654035809,0.058976813510256,20.0252262982953,105006525,18.4695330490482
BBrasil,6,20_3t,1839773399,6133254,506204994,0.008100742667158,0.092886174397419,0.004270788467134,23.6459655732694,21.332908248266,0.275145294673325,0.146950771,0.108487085,0,0.0033337007717,0.060925022647314,20.0424522716924,112088236,18.5347969405195
BBrasil,6,20_4t,1782539204,27881973,1589702834,0.008429271770096,0.090022566022097,0.00470258136918,20.9357010678063,21.3013047038398,0.891819282533996,0.093775263,0.146950771,0,0.015641716567823,0.065481433304846,21.1868129388558,116723222,18.5753160663215
BBrasil,6,21_1t,1891609375,9957186,1678042709,0.007896701428116,0.087124537105175,0.004665830354668,20.365343638827,21.3606938248435,0.887097902546608,0.095709571,0.093775263,0,0.005263870084171,0.067449936380232,21.2408938969917,127588932,18.6643241853009
BRA,7,12_4t,879092178,1873899,147917594,0.00520715590823,0.077428585413265,0.001529500097775,54.0279411826938,20.5944003170455,0.168261756504902,-0.050769231,0,0,0.00230187151882,0.09421993556759,16.6887455952086,70635653,18.0730455749939
BRA,7,13_1t,894466777,4753771,143657650,0.005214297724107,0.077085416763798,0.001529811121292,53.7973043485221,20.6117383188035,0.160607027218854,0.012598425,-0.050769231,0,-0.001191231629672,0.089851181321559,16.5423897098791,70046700,18.0646727204299
BRA,7,13_2t,896697368,2965547,149275466,0.004946136428672,0.076560447759995,0.001560868596265,52.2187353782975,20.6142289807111,0.166472514949994,0.039446367,0.012598425,0,0.005498166732652,0.092608654947131,16.5494251076702,66609515,18.0143579931738
BRA,7,13_3t,907694126,4691082,159535717,0.004804919286543,0.076396082672819,0.001443985541374,56.233943923078,20.6264180141748,0.175759336135662,0.006907137,0.039446367,0,-0.003622014780707,0.066477647717315,18.3741829642607,67628032,18.0295331296157
BRA,7,13_4t,908139285,1982222,166344920,0.004444948630192,0.076619366701167,0.001518839550636,53.3725338515403,20.6269083223785,0.183171153090244,-0.050772627,0.006907137,0,0.005374048646616,0.078345068783346,18.2219011414684,71545237,18.0858404929179
BRA,7,14_1t,922228753,6017810,168041497,0.004479261256568,0.076894641047947,0.001563943418342,52.0312316610508,20.6423038559539,0.182212381096732,0.013209013,-0.050772627,0,0.006947421599065,0.091893387232544,18.0768137272148,73875265,18.1178886208245
BRA,7,14_2t,931131774,6638011,164831687,0.004516673758477,0.077350743709288,0.001625532942191,50.3634317969692,20.6519113655047,0.17702294304909,0.039402174,0.013209013,0,0.009310693015177,0.103374225863497,17.7536486174915,77286485,18.1630296599793
BRA,7,14_3t,987364412,3742728,164460431,0.004562648057836,0.077808875753635,0.001593597796819,51.6890296760517,20.7105497410087,0.166565078709764,0.027797577,0.039402174,0,0.003568133857482,0.180249917990109,15.6316246965074,79731756,18.1941785085683
BRA,7,14_4t,1032039951,4654989,166519168,0.004549342488061,0.07827251081485,0.00159328523977,51.9818116904635,20.7548032154658,0.161349536748699,-0.050664043,0.027797577,0,0.003412004003845,0.159724821584081,15.8342920475125,81900762,18.2210188528093
BRA,7,15_1t,1034814452,1445049,168402098,0.00417922415678,0.078958342012714,0.001772539648187,46.9030784470834,20.7574879741624,0.162736515396095,0.029282577,-0.050664043,0,0.009671703718754,0.147569953402999,15.8876618401619,85437016,18.2632900074726
BRA,7,15_2t,1029762111,7922356,155982198,0.00451954290788,0.07964376858773,0.002026996631491,41.5211896201892,20.7525936523184,0.15147401165161,-0.058225508,0.029282577,0,0.002585044325636,0.152940397775099,15.8551257031017,88452111,18.2979718448766
BRA,7,15_3t,1050983076,-6821940,161968610,0.003554874020389,0.0801139189483,0.00375307527643,22.293395896998,20.7729918259523,0.154111530146086,-0.070438799,-0.058225508,0,-0.004647812770453,0.164891065266741,15.8024090876969,87713041,18.2895811464017
BRA,7,15_4t,1018907911,7079962,153414979,0.003956286452377,0.080721741296038,0.003843522761522,22.0313584704448,20.7419972151699,0.150568051679402,-0.044738815,-0.070438799,1,0.006186120767622,0.147372315631781,15.9321643067142,89301722,18.3075313289755
BRA,7,16_1t,1023974238,10237956,146829202,0.004346587544854,0.081825550639195,0.004213954940927,20.4492310411589,20.7469572050441,0.14339150005061,0.016393443,-0.044738815,1,0.005988448663206,0.128943884485566,16.7091710132732,93751843,18.3561618812882
BRA,7,16_2t,1041814882,9683954,136933136,0.00484559462779,0.083375964542798,0.004428755428877,19.920169579779,20.7642301080649,0.131437108804902,0.008915305,0.016393443,0,0.002023773902349,0.122908000737868,16.6141319700994,96772234,18.3878706722577
BRA,7,16_3t,1185854682,3827073,168719206,0.004683856208159,0.084123208828661,0.004451288424215,19.9508673834114,20.8937296021902,0.142276459806565,-0.022988506,0.008915305,1,0.003997846105256,0.117893123201818,16.9928316616002,98985948,18.4104884586306
BRA,7,16_4t,1179607115,4231790,163468262,0.004800916884541,0.084685482500399,0.00439768193451,20.3485383248628,20.8884472665929,0.138578565626912,-0.003932933,-0.022988506,0,0.008420792621385,0.137915714120436,16.7778454975311,100891222,18.4295534845126
BRA,7,17_1t,1189380868,7056221,158683331,0.004751533067425,0.085370012873696,0.004379848896429,20.576405276126,20.8966987296862,0.133416750907414,0.014253563,-0.003932933,0,0.004378632862362,0.094651402739764,16.7137708968046,105045531,18.4699044427035
BRA,7,17_2t,1189124132,3884067,157253138,0.004429646016269,0.085971283530093,0.004330905173335,20.8734492971494,20.8964828495421,0.132242827950615,0.013477089,0.014253563,1,0.009633200600303,0.119857533843513,17.0194637521601,107280382,18.4909563577069
BRA,7,17_3t,1216690924,5759365,156970034,0.00450822980858,0.086834613517082,0.0043268095443,21.1108999345705,20.9194006532082,0.129013894082438,-0.013503909,0.013477089,0,0.008567267380168,0.1251628615573,16.7843845555709,110855224,18.523735619664
BRA,7,17_4t,1211271718,3804086,167187129,0.004394071335243,0.087859474184126,0.004344779377346,21.2331944863243,20.9149366512459,0.138026114632687,0.00179964,-0.013503909,0,0.011607606990941,0.13224280207265,16.7731081084642,111020877,18.5252288226727
BRA,7,18_1t,1231409088,7760830,166499869,0.004802901744174,0.088719364113521,0.004267193593646,21.9165743960969,20.9314249506318,0.135210849605164,-0.019578313,0.00179964,0,0.001703637659244,0.145997918439217,13.6411250274458,114374904,18.5549922422153
BRA,7,18_2t,1239418766,1258630,174784381,0.004246411374471,0.089202067405744,0.004291341108462,21.7760547153764,20.937908369575,0.141021247858046,0.014810045,-0.019578313,0,-0.033932353647619,0.117030251077629,13.7414882744469,113639969,18.548545842159
BRA,7,18_3t,1282028162,6266997,192662011,0.005194690894376,0.089805720371797,0.002644046157609,35.9299367723838,20.9717091624423,0.150279078658804,0.006202619,0.014810045,0,-0.00805201270543,0.135667029123161,13.8368668796128,116282424,18.5715324796709
BRA,7,18_4t,1287292105,9531352,213287684,0.005232658271348,0.090385894699081,0.002674615255681,35.7503954138152,20.9758067056195,0.165687090887581,0.050059125,0.006202619,0,0.00151233011757,0.137724652826976,13.7737360265915,121786379,18.6177790761163
BRA,7,19_1t,1315525957,7504707,200211032,0.004874863635943,0.090823014201177,0.002229246837779,42.9283452219579,20.9975023899109,0.152190863992203,-0.018592297,0.050059125,0,-0.00254820678536,0.136558158566117,13.8512357458043,127345901,18.6624175719852
BRA,7,19_2t,1345891714,8510353,204579280,0.004627191516434,0.091398820389939,0.001821251769495,52.7252813228485,21.0203226147098,0.152002778434521,0.015688553,-0.018592297,0,-0.00223153430204,0.132567444795855,13.9274767082991,134317035,18.7157134963386
BRA,7,19_3t,1353506970,4373303,206624435,0.004627509876719,0.093000740461357,0.001820985126941,53.612876290787,21.0259648166175,0.152658567395482,0.009310987,0.015688553,0,0.001527574408429,0.13120900762771,13.9542824451791,138998780,18.749975714078
BRA,7,19_4t,1359139068,-3688945,227409358,0.004102373634635,0.094115815801568,0.002795862294483,35.1298379859419,21.0301172980058,0.167318682358706,-0.014639436,0.009310987,1,-0.00097459478549,0.122532117824885,14.0112911344424,134433012,18.7165765808924
BRA,7,20_1t,1240264471,-11388905,253807222,-0.001864143947804,0.128416849178915,0.011983849624628,10.5602714649418,20.9385904768863,0.204639597387935,0.004053272,-0.014639436,1,-0.009182642304361,0.10445241239197,19.3520855683165,129548616,18.6795667817814
BRA,7,20_2t,1329517502,-11937577,306447211,-0.003415150595025,0.126898814945,0.011557375591599,10.6844035110999,21.0080819329082,0.230495055942483,0.018489171,0.004053272,1,-0.008978879166346,0.101641123036528,19.5405560668593,135133652,18.7217748614761
BRA,7,20_3t,1410189137,29918370,1202018886,-0.002361101523478,0.124591638216033,0.013208393199323,9.2540049987926,21.0669896720569,0.852381325640576,0.024335031,0.018489171,1,0.021215856238722,0.097476740809698,20.9072683850824,137460641,18.7388481868216
BRA,7,20_4t,1372144711,29568842,560673225,-0.001532622005814,0.122298778655306,0.014420399157513,8.3746750232341,21.0396408351779,0.408610856060065,-0.03683399,0.024335031,1,0.021549361202909,0.104728487343927,20.1446488071447,143702640,18.783256722488
BRA,7,21_1t,1387363159,12329366,550779448,-0.000934016309664,0.118796205148928,0.014713074805778,8.01071090816286,21.050670774577,0.396997314241065,0.008103728,-0.03683399,1,0.008886906013049,0.103967036362683,20.1268450111234,144240036,18.7869893864433
BRB,8,12_4t,9766989,93217,4932835,0.008334813434466,0.101418894225338,0.006145945972737,17.8579031033889,16.0945187881876,0.505051761602271,0.437106918,0,1,5.77193997634771E-05,0.12241741873778,14.2381762180947,1025120,13.8403202368729
BRB,8,13_1t,9797832,116964,4733834,0.008397534834931,0.101440087903307,0.006181416502856,17.7690053222399,16.0976716946773,0.483151170585493,-0.130237826,0.437106918,1,-0.002711730383276,0.127985476944287,14.1499879490607,1026102,13.8412777149762
BRB,8,13_2t,11134921,93883,5667997,0.008011018549675,0.100149821912565,0.006005219289646,18.0111391849976,16.2255967639021,0.509028936981232,0.017170891,-0.130237826,1,-0.047579550881343,0.119931960767578,13.9959136089356,972881,13.7880170515304
BRB,8,13_3t,11643145,66985,5971581,0.00760140732701,0.099552024008217,0.005975035267346,17.9335228230069,16.2702281527765,0.512883847104885,-0.111111111,0.017170891,1,-0.009800007804779,0.138944319228128,13.6435269796507,1088776,13.9005646874607
BRB,8,13_4t,11541436,51993,5668434,0.007694809187042,0.099324743652079,0.005911539634614,18.1034991650028,16.2614542480444,0.491137671256852,0.017067834,-0.111111111,1,-0.004314341514278,0.161360084834705,13.1729024874664,1154005,13.9587490587964
BRB,8,14_1t,11924158,77435,6224670,0.007347528183369,0.09892394133306,0.005843441114812,18.1864533976467,16.2940769842794,0.522021764555619,-0.04989605,0.017067834,1,-0.006906555989846,0.152725685350096,13.3515605684116,1195831,13.9943518991605
BRB,8,14_2t,12405954,73743,5733378,0.006886836657724,0.09891812982743,0.005704953002921,18.5461591762407,16.333687076625,0.462147288310113,-0.01953125,-0.04989605,1,-0.005530278494518,0.151323385314984,13.6289375766587,1225087,14.0185224198473
BRB,8,14_3t,12922346,43931,6077377,0.006511315349209,0.098406438418066,0.005779599441877,18.1531185374343,16.3744686187826,0.470299820171972,-0.036966825,-0.01953125,1,-0.010888407112032,0.137195762015728,13.8405670067972,1240829,14.0312902625894
BRB,8,14_4t,12711290,52152,6020062,0.007646518552202,0.098559113991808,0.003026953972485,35.0866361065971,16.3580011329013,0.473599611054425,-0.027829314,-0.036966825,0,-0.008640097042967,0.120241208880325,14.2554730624196,1274267,14.0578816692944
BRB,8,15_1t,13415310,45395,6333740,0.007098625544984,0.098229743356173,0.003162419688721,33.3062588994225,16.4119071500355,0.472127740618741,0.032258065,-0.027829314,0,-0.006303138185384,0.11859424485175,14.2040702378391,1296288,14.0750153534289
BRB,8,15_2t,13521328,21861,6423247,0.006210551635658,0.097376803203565,0.003072093975921,33.718810573871,16.4197788486074,0.47504557244673,0.075,0.032258065,0,-0.013824238135831,0.116033894906021,14.0305227391128,1186144,13.9862182676956
BRB,8,15_3t,13805755,-46150,6295143,0.005147469912677,0.097201440232157,0.003945736209963,25.939116225355,16.4405960921805,0.4559796258879,0.0335097,0.075,0,-0.028998250069988,0.106008198963897,13.7008154995946,1328160,14.0993050836889
BRB,8,15_4t,13579907,40547,6205330,0.004600946631697,0.096680002997941,0.003729677740649,27.1554157416361,16.424101831765,0.456949373806463,-0.02635105,0.0335097,0,-0.025371937585516,0.10243381237767,13.3022603305544,1340342,14.1084353632436
BRB,8,16_1t,13691273,-5661,6160783,0.003571678462749,0.096083314124199,0.00318545823081,31.2843507483718,16.4322691805237,0.449978829579981,-0.03626943,-0.02635105,0,-0.033402731262837,0.075032612341982,13.4107387094961,1335819,14.1050551448587
BRB,8,16_2t,13754891,100459,5706689,0.003477687523878,0.096239100046693,0.003042460610753,32.7750463615384,16.4369050279183,0.414884349138063,0.092884302,-0.03626943,0,-0.01966178725383,0.059362785758273,13.2963822285982,1227507,14.0204958412822
BRB,8,16_3t,13972977,161020,5816374,0.003958562614274,0.096465783456357,0.00379721644934,26.4468321494021,16.4526358080296,0.416258754308405,0.023426061,0.092884302,0,-0.02038937150799,0.034955726859626,13.3195948929338,1344653,14.1116465451672
BRB,8,16_4t,13564332,94523,5812334,0.004163862430765,0.096203064368067,0.003894784660519,25.769570219437,16.4229542584837,0.428501307694327,-0.043046358,0.023426061,0,-0.015827333578249,0.048882357805466,13.2742291631338,1313507,14.0882112173665
BRB,8,17_1t,13771337,56112,5758176,0.003962244959206,0.095050991825214,0.003825199363109,25.8844644123176,16.4380999611258,0.41812759356626,-0.032305433,-0.043046358,0,-0.002764183643446,0.134539082508856,13.2738235840094,1190691,13.9900443688317
BRB,8,17_2t,13635158,139023,5499878,0.004316558249444,0.094210115368623,0.004203655601353,23.4383315289586,16.4281621620201,0.403360049073139,0.07443038,-0.032305433,0,-0.016915318882068,0.170306360576287,13.4060901379128,1208885,14.0052090051389
BRB,8,17_3t,13988265,138686,5635785,0.004859461448934,0.09453976291994,0.004485700936129,22.1591287034516,16.4537293217958,0.4028937827529,-0.039028621,0.07443038,0,0.004073519415861,0.064526184146576,14.6545789345627,1398515,14.1509215173443
BRB,8,17_4t,14126063,165266,5878984,0.005492507943958,0.094506251807741,0.004887269711441,20.4610683788545,16.4635320888023,0.416179936334703,-0.077231695,-0.039028621,1,0.00207252297042,0.064851649423521,14.6114336168829,1410413,14.1593931272667
BRB,8,18_1t,14559602,169688,5869372,0.00618174909078,0.094972816263667,0.005139552863462,19.6815886598962,16.4937612651944,0.403127228340445,-0.00174216,-0.077231695,1,-0.00183696908369,0.063121538967563,14.5896403120777,1488374,14.2131948068796
BRB,8,18_2t,14818168,107276,5958471,0.006650308453411,0.096284500573484,0.004937889988657,20.845909743504,16.5113645534569,0.402105779877783,0.075221239,-0.00174216,1,-0.005253533595588,0.062544406934294,14.5871851448622,1533149,14.2428343481732
BRB,8,18_3t,15129558,116438,5724397,0.007570214267275,0.097033804822712,0.003805340950323,27.4887376599244,16.5321608718547,0.378358508556562,0.008071749,0.075221239,1,-0.000666786623978,0.066778643306538,14.6021448939926,1591554,14.2802214553831
BRB,8,18_4t,15224993,148006,6774942,0.008131501271095,0.097108202144262,0.003556255534886,29.5928406670994,16.53844891179,0.444988184887835,-0.086111111,0.008071749,1,-0.004257137344109,0.063008228910735,14.6018474899903,1516305,14.2317870122841
BRB,8,19_1t,15444005,127713,6700820,0.008855076055067,0.097542533935716,0.00233230599382,45.6190612521327,16.5527314601165,0.43387838841026,0.042464613,-0.086111111,0,-0.004675148014343,0.060632158043654,14.6437452946979,1587322,14.2775588774781
BRB,8,19_2t,16128971,183471,7123078,0.009194387224866,0.098698965209981,0.002381719734415,45.3006081596478,16.5961276538941,0.441632513320286,0.030898876,0.042464613,0,-0.003592952027553,0.058570419039099,14.8250482517627,1663198,14.324252813024
BRB,8,19_3t,16290456,159559,6665087,0.009050300470273,0.09946415993725,0.002278038865803,47.6350346943238,16.60608997282,0.409140603553394,0.141304348,0.030898876,0,-0.006575071583532,0.053768642356827,14.9778654260924,1717254,14.356237061379
BRB,8,19_4t,17021195,241126,7413392,0.00965011079646,0.100698608223074,0.002604288974993,42.3719180471713,16.6499698901607,0.435538867864448,-0.035146846,0.141304348,0,-0.000288929675316,0.053961799337059,14.9838528685794,1900395,14.4575723172664
BRB,8,20_1t,17554464,143276,7597711,-0.002479500485562,0.073526526763641,0.006233925240062,11.3968364300391,16.6808188345067,0.432807917120113,0.097359736,-0.035146846,0,0.008161798617149,0.100248290121533,15.843357575681,1759805,14.3807135654215
BRB,8,20_2t,19243843,269173,8540044,9.57333215203544E-05,0.067389945551529,0.006110102889582,11.0449333002426,16.7727017233812,0.443780589978831,0.111407605,0.097359736,0,0.013987486802922,0.09666738603095,15.9602767179763,1860252,14.4362225203832
BRB,8,20_3t,21415135,895722,11644397,0.00324182225887,0.06960468781779,0.013542974568514,5.3789150757192,16.8796084730043,0.543746140288165,0.124143184,0.111407605,0,0.041826586664058,0.091103091341708,16.2703356780792,1950985,14.4838449312108
BRB,8,20_4t,24786053,1253140,12374558,0.00728230131313,0.07085041385927,0.019209626444258,4.06737296006906,17.0257916739086,0.499254883381392,0.212840195,0.124143184,0,0.050558271621545,0.079800361921279,16.3311531486094,1977936,14.4975644347263
BRB,8,21_1t,27723672,336089,15022004,0.00844561681342,0.071803201178617,0.019029013954142,4.21718215065828,17.1377971910454,0.541847559010221,0.129488575,0.212840195,0,0.012122816919779,0.074554986799728,16.5250266175042,2066938,14.541578843052
BTGPactual,9,14_4t,162662858,374429,17694167,0.007255251825665,0.085319212151008,0.002920961750827,31.6931448864292,18.9071902609408,0.108778163728071,-0.021454736,0,1,0.006374877658965,0.058189128807023,14.941937410127,15326084,16.5450667713796
BTGPactual,9,15_1t,176956349,-210796,15285110,0.006251332213334,0.086912603442722,0.003569276051134,26.1016335865824,18.9914136443042,0.086377855817991,-0.0272,-0.021454736,1,-0.000991279291629,0.06117904390237,14.8373418692838,15899737,16.5818131261732
BTGPactual,9,15_2t,181005242,995197,15393026,0.006155422535352,0.088217255083046,0.003573077556633,26.4121548224461,19.0140365501367,0.08504187961584,-0.024793388,-0.0272,1,0.001762912378307,0.060460449055152,14.714701111635,16762652,16.6346638743908
BTGPactual,9,15_3t,290410742,-1051872,95456668,0.005197220719035,0.087739345670775,0.004492968240619,20.6848927952837,19.4868068305889,0.328695375875593,-0.010638298,-0.024793388,1,0.0019192758799,0.073036143180929,14.6603065770692,19305823,16.7759173182144
BTGPactual,9,15_4t,254548682,1367957,81973054,0.005041766717845,0.087382329922547,0.00444792888942,20.7791309029767,19.3550026605345,0.322032914709808,0.003363767,-0.010638298,1,0.002121130797412,0.075426264824605,14.5366308181525,19942634,16.8083704100629
BTGPactual,9,16_1t,223729189,1554341,70902321,0.004940720021563,0.0890027848344,0.004383963695367,21.4288966296047,19.2259469007377,0.316911357507312,-0.032531825,0.003363767,0,-0.000575121730713,0.08011165614206,14.4281583849371,20559233,16.8388206924079
BTGPactual,9,16_2t,203419874,1893980,51322952,0.005394645730784,0.09202329744908,0.004541469275208,21.4507546515132,19.1307827457534,0.25230057904765,-0.055830389,-0.032531825,0,0.001243204174179,0.084848376858906,14.4705227557523,21028372,16.8613831314631
BTGPactual,9,16_3t,119028326,424709,6147922,0.005249843419675,0.101184396852886,0.004572158905967,23.2787710273274,18.5948720563637,0.051650915429996,-0.03666427,-0.055830389,0,0.001742716201859,0.087493322837713,14.3857531098723,21454846,16.881461098568
BTGPactual,9,16_4t,111771557,381365,7529145,0.00482306365022,0.10582634500413,0.004475808514831,24.7216582853563,18.5319676766575,0.067361904961206,0.049544995,-0.03666427,0,0.002604612773887,0.074359545936088,14.4092886826156,17852692,16.6976648671438
BTGPactual,9,17_1t,125170501,1210612,7941890,0.004587404570234,0.109775826640061,0.004092953629897,27.9414920254503,18.6451873738527,0.063448575635245,-0.053651267,0.049544995,0,0.002954585945568,0.080192671400079,14.3290913826759,18471405,16.7317344185839
BTGPactual,9,17_2t,119113238,307913,7687650,0.00404173853126,0.113350169577599,0.003861801519191,30.3982241255792,18.5955851784427,0.064540685225936,0.058682635,-0.053651267,0,0.005285864909588,0.083594879165568,14.1286257005074,18217226,16.7178781879304
BTGPactual,9,17_3t,113709830,-528502,7292880,0.003267335686435,0.118512188121001,0.004592450080509,26.5173320716734,18.5491604105686,0.064135879897103,0.073394495,0.058682635,0,0.004793200299699,0.088202932547449,14.0587312087077,18749735,16.7466901769475
BTGPactual,9,17_4t,126591612,783111,8303306,0.003591023123835,0.12294155312635,0.004654679734782,27.1839489416812,18.6564768095552,0.065591281040011,0.162518302,0.073394495,0,0.005698833536634,0.092755431008087,14.094381677725,18656099,16.7416836747221
BTGPactual,9,18_1t,146334059,876314,18059294,0.004189329814908,0.126199278390017,0.004440603109096,29.3628151405459,18.8014026413568,0.12341141989371,0.073512252,0.162518302,0,0.004271673613308,0.08764766900106,14.1566796044281,18868882,16.7530246681068
BTGPactual,9,18_2t,157415806,318574,16421992,0.003899797079049,0.128724223872579,0.004460729084,29.7314673126746,18.8744013082197,0.104322382975951,0.088992974,0.073512252,0,0.00694223425819,0.088404102189387,14.2218359625779,19347662,16.7780821432665
BTGPactual,9,18_3t,163855732,655070,23982421,0.004534785486213,0.133008846829621,0.003783607948655,36.3525064389165,18.9144969157136,0.146363027446608,0.058263971,0.088992974,0,0.005711610657682,0.092993609523986,14.3187790987734,19317464,16.776520115193
BTGPactual,9,18_4t,137646425,1159092,19343084,0.004788680817444,0.137973067274378,0.003943875746383,36.1983382013901,18.7401988175484,0.140527325718776,0.123841618,0.058263971,0,0.007928094241508,0.093085110802231,14.3005641167407,18983605,16.7590862698859
BTGPactual,9,19_1t,211805609,927419,18142556,0.004574615089385,0.13820290189998,0.003885331422204,36.7478347338421,19.1711794733116,0.085656636222509,0.082324455,0.123841618,1,0.00573613515061,0.093609343620861,14.4288507114092,20047698,16.8136248921578
BTGPactual,9,19_2t,173629728,1672610,24629704,0.004601490721479,0.139576510898315,0.003922012337389,36.7612310255465,18.9724355897695,0.141851883797226,-0.027715356,0.082324455,0,0.004340075236393,0.093434748817795,14.4270582363414,20810831,16.8509841302972
BTGPactual,9,19_3t,167986236,1439183,19469984,0.005018085181703,0.134985922862247,0.004065161690709,34.439960497495,18.9393926054398,0.115902257611153,-0.033457249,-0.027715356,1,-0.001440348507347,0.134347902559949,15.4562930558203,21025638,16.8612531081905
BTGPactual,9,19_4t,164382633,1908089,19251665,0.005701052097294,0.132695754569628,0.004441804614003,31.1577880374627,18.9177073963201,0.117114957028338,0.324041812,-0.033457249,1,0.003172417278607,0.120045081119225,15.5063903833429,21738420,16.8945917599233
BTGPactual,9,20_1t,236220859,-2741071,23735692,0.003402995202538,0.096770774004754,0.005264580962589,19.0278713385059,19.280277768582,0.100480931702987,0.410958904,0.324041812,1,-0.011603848244409,0.093128477701455,16.9824904647985,21998889,16.9065025100474
BTGPactual,9,20_2t,245129729,-1816392,34956183,0.002345013018467,0.098498285441619,0.006066420160101,16.6231971737355,19.3172981344925,0.142602788909378,0.552511416,0.410958904,1,-0.007409921299264,0.104325016407945,17.3696059208686,25573163,17.0570540392652
BTGPactual,9,20_3t,272559838,-1043198,48561957,0.001626628903127,0.099095647231994,0.006257564541878,16.0960826629995,19.4233687369523,0.178169892366901,0.547445255,0.552511416,1,-0.003827409084386,0.095371274031943,17.6983510045624,25994379,17.0733908803051
BTGPactual,9,20_4t,253266798,1019021,54496144,0.001487018445726,0.100144864900428,0.00617661675598,16.4542964799874,19.3499540286071,0.215172870784271,0.32,0.547445255,1,0.004023508047826,0.105346043029296,17.8136405048368,26680655,17.0994493289352
BTGPactual,9,21_1t,301280945,888449,60594474,0.001376787759728,0.10125340233114,0.006134059455304,16.7312023691131,19.5235537594853,0.201122822420781,-0.010498688,0.32,1,0.002948905381321,0.100950118169604,17.9197142587628,30414347,17.2304249958369
IND,10,12_4t,4021982,6852,6852,0.000568688989955,0.132998746139712,0.006809599915963,19.6145789441391,15.2072853739193,0.208845539338565,0.023684211,0,1,0.001361888788086,0.117713693217254,15.7336409698743,587201,13.2831224592783
IND,10,13_1t,4259121,-144522,928651,-0.002553955628403,0.130977054908783,0.011964201054852,10.7339469381704,15.2645733589268,0.218038182056814,0.003960396,0.023684211,1,-0.000454539846404,0.117529254868708,15.725974564062,498446,13.1192505375415
IND,10,13_2t,4198205,-33804,1021586,-0.003557162699378,0.130518868219269,0.011870274250908,10.6957685084806,15.2501676109479,0.243338760255871,0.033824805,0.003960396,1,-0.006823627733785,0.106741503566471,15.8669988989842,569558,13.2526159004062
IND,10,13_3t,4171047,6307.9999999,959086,-0.003755112046519,0.130840598137462,0.011754073786632,10.8120374601937,15.2436776413966,0.229938909822881,0.059239611,0.033824805,1,-0.005356224945973,0.100134236254819,15.9420343776344,574456,13.2611787850002
IND,10,13_4t,4936805,-12579.999999,1036371,-0.004123489629924,0.131373718057201,0.011630293177327,10.941274350276,15.4122289187903,0.209927473335487,-0.184594954,0.059239611,1,-0.004468117040636,0.095102395212327,16.0909314214377,674161,13.4212242337725
IND,10,14_1t,5032412,-11230,1118475,-0.002578984421726,0.131613642014296,0.010383092555283,12.4273820064248,15.4314099500044,0.222254258991513,-0.001015228,-0.184594954,1,-0.004330740021584,0.133862561337748,16.0772215717484,667134,13.4107462042704
IND,10,14_2t,5117263,7817,1148862,-0.002616744004878,0.131897215395532,0.010365812741464,12.4718123523039,15.4481302837695,0.224507124218552,0.100164204,-0.001015228,1,-0.001090844949353,0.142526537606288,16.0938958843994,671431,13.4171665346397
IND,10,14_3t,5490487,-5351,1216260,-0.002781878154884,0.13131475494783,0.010318512070676,12.4565320961558,15.518527516291,0.221521333171356,0.06688687,0.100164204,1,-0.004186407248163,0.136695457867598,16.0056989951768,672761,13.4191454192544
IND,10,14_4t,5526738,319.00000001,1526024,-0.003125689857967,0.13027462880564,0.010132385109001,12.5487669072831,15.525108326037,0.276116580883697,-0.184493898,0.06688687,1,0.000982559162572,0.136570545975976,16.0993137705228,676569,13.4247897169572
IND,10,15_1t,5245728,-14225,1397210,-0.003520388272872,0.130202880239192,0.010004968863531,12.6619576426755,15.4729245890369,0.26635197250029,0.023809524,-0.184493898,1,-0.006806886734069,0.136541937174279,16.113119088387,671377,13.4170861061644
IND,10,15_2t,4487411,-213509,1197700,-0.007586663032082,0.130424393231755,0.016015495837958,7.66992988806128,15.3167864787129,0.26690222937012,0.043110735,0.023809524,1,0.005307832765428,0.139624637105161,16.1773147678683,538184,13.1959557881077
IND,10,15_3t,3792548,-37167,841993,-0.008585727475861,0.13071381299661,0.015721495160313,7.76822333215804,15.1485486466837,0.222012483428028,0.030198447,0.043110735,1,-0.005709744685828,0.129351091509896,16.2421663444655,526953,13.1748666394856
IND,10,15_4t,3663595,-15806,525919,-0.009087225740321,0.131993993529568,0.01545719958134,7.95142529812565,15.1139554637322,0.143552712567847,-0.186909091,0.030198447,1,-0.007611287129123,0.126572621559696,16.295172143085,591158,13.289838604144
IND,10,16_1t,3722550,-25710,628795,-0.006835075935507,0.134968613052273,0.013330702780294,9.6119116320091,15.1299194752835,0.168915125384481,0.024299065,-0.186909091,1,-0.001560788630576,0.12229506619443,16.3123480842802,568529,13.2508076023053
IND,10,16_2t,3640323,-20132,829798,-0.006624931417931,0.136273309401592,0.013329651279019,9.72631431009212,15.1075829719398,0.227946256417356,0.05244123,0.024299065,1,0.000803691586026,0.124053464650222,16.3060640675203,550866,13.2192468643662
IND,10,16_3t,3820118,-41595,1025373,-0.007658326187064,0.136229235167321,0.013120500884748,9.79923785758175,15.155791870158,0.268413959987623,0.05075188,0.05244123,1,0.000656036022118,0.123779348377147,16.3701134207255,524104,13.1694454168924
IND,10,16_4t,4118588,-35585,1552649,-0.008165983708531,0.134869489360172,0.013022291859235,9.72973935934243,15.2310209441377,0.376985753369844,0.011331445,0.05075188,1,0.003291924608495,0.127026836131229,16.3219118668073,495224,13.1127654644447
IND,10,17_1t,3907736,-24631,1474855,-0.008505284032143,0.133705056031496,0.012906136472475,9.70079405764589,15.178468736127,0.37741930365818,0.068081344,0.011331445,1,0.000781636698123,0.130491799853438,16.1894235408334,463435,13.0464214168292
IND,10,17_2t,3520411,-48667,1239877,-0.009784601744165,0.132440463304689,0.012577921217452,9.75167990322098,15.0740883021218,0.352196661128488,0.058311575,0.068081344,1,-0.001079765044365,0.13763952174634,16.0471131586307,408487,12.9202153690304
IND,10,17_3t,3146983,-91257,891638,-0.012119906351207,0.131063470066273,0.013370079933674,8.89624925992353,14.9619547740618,0.28333105072382,0.086956522,0.058311575,1,0.00465989445667,0.154587652746065,16.0538486073371,333606,12.7177159349165
IND,10,17_4t,2655217,-67368,598547,-0.014239044433313,0.129398169536264,0.013279451727911,8.67197889359429,14.7920369418983,0.22542300685782,0.027259684,0.086956522,1,0.00384702674976,0.150542827108877,16.1188017016459,271984,12.5134985200186
IND,10,18_1t,2703731,-90312,667129,-0.016796627839943,0.124985430819405,0.013802685342296,7.83824308795476,14.8101432289478,0.24674385136687,0.03864279,0.027259684,1,0.003939003740745,0.145915618993127,16.1957212860178,202868,12.2203108002167
IND,10,18_2t,2546208,-50063,595039,-0.01447014753765,0.11993799956863,0.0099604947375,10.5886158077981,14.7501157515418,0.23369614736895,0.027624309,0.03864279,1,0.005365504497523,0.150416972834547,16.1663467174598,151150,11.9260280002076
IND,10,18_3t,2722644,-55513,609013,-0.015352594512918,0.111272283537921,0.009978196525379,9.61292842659859,14.8171140249525,0.223684403836859,0.05529522,0.027624309,1,0.004719655262037,0.145685933974697,16.2380942748299,95172,11.4634410598713
IND,10,19_1t,2213007,-35026,582002,-0.019641434992636,0.094131817554735,0.01233700987645,6.03796084367999,14.6098627821552,0.262991486244734,0.026624068,0.05529522,1,0.005953708575201,0.139907053823896,16.1557994449405,108177,11.5915240534824
IND,10,19_2t,2368873,-6548,581766,-0.01941092708838,0.092733125654224,0.012646592096724,5.79778315020035,14.6779248725861,0.245587669748442,0.010940919,0.026624068,1,0.006029309288536,0.153124816154469,16.250491486582,318706,12.6720243267108
IND,10,19_3t,2343970,-39649,664035,-0.019913169735883,0.095492342200937,0.012394525733413,6.09778656244243,14.6673566309623,0.283295008041912,-0.023722628,0.010940919,1,-0.003485503487988,0.150196607239602,16.3606863154006,399193,12.8972002881956
IND,10,20_1t,2910113,-25399,722235,0.002107879630558,0.140399183802934,0.004497601801877,31.6851223632129,14.8837024700089,0.248181084377136,-0.081364829,-0.023722628,1,-0.008727839778043,0.099254565028918,13.4901058496808,288842,12.5736351047899
IND,10,20_2t,3462653,-66724,764459,0.000227751093725,0.135861987054027,0.007601970301934,17.9019034201079,15.0575456162271,0.220772627231201,0.12826087,-0.081364829,1,-0.019269617833494,0.072580475144348,13.5469236730897,251321,12.4344862854999
IND,10,20_3t,3958192,-87560,809183,-0.001680819539142,0.129991701701407,0.009959678196823,12.8830349361285,15.1912979133163,0.204432478262803,0.158878505,0.12826087,1,-0.022121210896288,0.060048375622001,13.6037803756517,237683,12.3786931320696
ITA,11,12_4t,1014424676,2704865,175658059,0.005826128335655,0.08544882660577,0.001724927688347,52.9152355533882,20.7375874670611,0.173160278092447,-0.032971708,0,0,0.001437186590804,0.291940710891166,14.0532912615873,75122382,18.1346291016267
ITA,11,13_1t,1028706873,4924171,178574229,0.005622592055897,0.084177033904608,0.001688024805155,53.1980488001411,20.7515683873271,0.173590974928774,-0.073469388,-0.032971708,0,0.00983820290595,0.293738126398696,13.859146509591,76112985,18.1477294390252
ITA,11,13_2t,1057681498,3533779,184878576,0.005325926070659,0.082767280150832,0.001754435798967,50.2117012622434,20.7793450834725,0.174796076464978,-0.060452847,-0.073469388,0,0.007119273306999,0.279531228836798,13.9695183704436,77577300,18.1667854165862
ITA,11,13_3t,1082786822,5687614,192810585,0.00513616935785,0.081538788869952,0.001611733677692,53.7774692106338,20.8028039453311,0.178068832278419,-0.059314587,-0.060452847,0,0.00746549854844,0.271361658843235,14.0762196071646,80101384,18.1988036902913
ITA,11,13_4t,1105721310,5610369,208538406,0.004875514686993,0.080658441242898,0.001292109778225,66.1971276522786,20.8237637281857,0.188599427463327,-0.01529052,-0.059314587,0,0.003450613403605,0.264005593902548,14.1269059832002,82927939,18.2334825838335
ITA,11,14_1t,1107375559,7068797,207303641,0.004854081614638,0.079797797634913,0.001261951093104,67.0801584246428,20.8252586914937,0.187202651634467,-0.06283084,-0.01529052,0,0.007890150320817,0.253311565089049,14.2926207506641,84092357,18.2474262409085
ITA,11,14_2t,1111931863,7792666,218744609,0.004925773707139,0.079093317142592,0.001362563132673,61.662530590364,20.8293647566169,0.196724832050253,-0.025507998,-0.06283084,0,0.009626285380161,0.235972906671602,14.2630282630907,87961821,18.2924134260286
ITA,11,14_3t,1157557038,6054335,221399017,0.005076143366882,0.078805343771302,0.001278988423079,65.584242691006,20.8695776196004,0.191264023915857,-0.026742657,-0.025507998,0,0.006975176737306,0.219112394885533,14.3634938066413,93099641,18.3491808861711
ITA,11,14_4t,1208701675,5212532,228939729,0.00490886702385,0.078386733917467,0.001231944435652,67.6131151136359,20.9128126246151,0.189409623346472,0.029572424,-0.026742657,0,0.0019523277187,0.221359394922442,14.3598647638615,98262440,18.4031524164746
ITA,11,15_1t,1294613232,3146647,238856770,0.004607258480303,0.07782490327974,0.001363251931056,60.4672987304847,20.9814778249411,0.184500485624575,-0.023337737,0.029572424,0,0.009735259985236,0.22020537126066,14.3683704331701,98653492,18.4071241876777
ITA,11,15_2t,1230510247,9443192,222893397,0.004905643082279,0.07750330732798,0.001610108494092,51.182234434899,20.9306947552699,0.181139001112276,-0.01278558,-0.023337737,0,0.000965743053288,0.23794413778947,14.4454724347083,102480843,18.4451864415142
ITA,11,15_3t,1322692628,-6934919,244856389,0.004076420319344,0.077179751435536,0.003346939006,24.2777569621715,21.0029353655325,0.185119644440931,-0.012407992,-0.01278558,0,0.003239524227446,0.227738061607656,14.5403017438587,105201453,18.4713876699596
ITA,11,15_4t,1359172441,9083655,232618778,0.004411155471427,0.077643592619028,0.003393640003932,24.1789783227999,21.0301418522188,0.171147362161679,0.055495495,-0.012407992,0,0.00040842298772,0.238023611706357,14.4457797046809,108217675,18.499655265934
ITA,11,16_1t,1283071018,9799832,212520504,0.004648741784953,0.078521181039131,0.003519781351328,23.6292867432524,20.9725222741267,0.165634248625823,-0.043556759,0.055495495,0,0.005017935465298,0.222646433863883,14.5004970303407,108445231,18.5017558200886
ITA,11,16_2t,1395856247,11548545,248040166,0.005059774043168,0.07980512260747,0.0036391628727,23.3198951570105,21.0567738610559,0.177697500393105,-0.05365223,-0.043556759,0,0.007285641433711,0.243485093801304,14.5649700167146,123887629,18.6348854949638
ITA,11,16_3t,1399099604,6935082,246594399,0.005035112612272,0.081263589942065,0.003638738924835,23.7166513830753,21.0590947266644,0.176252211275731,-0.053579271,-0.05365223,0,0.000274971026543,0.241583437181451,14.5900547594706,127987766,18.667445239191
ITA,11,16_4t,1425638779,7553615,249014691,0.005053817817437,0.082449839720575,0.00363953353849,24.0425473793835,21.0778858161908,0.174668853476804,0.018952447,-0.053579271,0,-0.010580517851176,0.209279445316566,14.5905929619519,127215378,18.6613920977894
ITA,11,17_1t,1413269481,9753442,241902202,0.005096980640554,0.083571366452257,0.003659749990613,24.2279793210596,21.0691716379638,0.171164951378441,-0.061215753,0.018952447,0,0.008356239047331,0.218292417007624,14.5951005372372,126341694,18.6545006516084
ITA,11,17_2t,1448335223,7278782,250728184,0.004931763731452,0.084469481315546,0.003610038491449,24.7646237730562,21.0936806117129,0.173114745825663,-0.049167005,-0.061215753,0,0.010298724818431,0.23565430070387,14.5118431596789,130183007,18.684451764628
ITA,11,17_3t,1465999788,10233061,249153856,0.005077596367605,0.085449024515595,0.003658218471162,24.7460947444272,21.1058032957997,0.169954905887067,-0.030605871,-0.049167005,0,0.008681986913543,0.235835999901666,14.3918407361074,135139101,18.7218151837057
ITA,11,17_4t,1503503484,5640689,273339101,0.005030862340484,0.086375124128411,0.003672435686544,24.8897446465326,21.1310638776499,0.181801441705206,0.03470255,-0.030605871,0,0.01045903195832,0.248145895471178,14.1247730881994,138937334,18.7495335549062
ITA,11,18_1t,1524353773,9336552,275528080,0.005338725297739,0.087171615601087,0.003588526097977,25.7794811499323,21.1448364017863,0.180750744925666,-0.078661266,0.03470255,0,0.005654321130346,0.235830617637566,14.0315215328241,130730042,18.6886450068108
ITA,11,18_2t,1542684090,3594152,283825616,0.004893358292977,0.087523726487849,0.003603932429498,25.6434010872142,21.1567896518415,0.183981683508514,-0.080049261,-0.078661266,0,0.017708981048299,0.246978203204606,14.001497057311,134998033,18.7207707659262
ITA,11,18_3t,1613161655,8438703,301132861,0.005766207385165,0.088060562978863,0.001681366981862,55.8038616055821,21.2014618511546,0.186672464019113,-0.078309376,-0.080049261,0,0.007967630170435,0.247968826505923,13.9564248795736,138696196,18.7477964588095
ITA,11,18_4t,1649613394,10174940,307832084,0.005723278276716,0.08870621801128,0.001662293222124,56.8067625080725,21.2238067907381,0.186608623038375,-0.019888624,-0.078309376,0,0.018829246879846,0.252373988094012,14.0976887618812,144123636,18.7861820725018
ITA,11,19_1t,1651424567,9871777,309181469,0.005584939962333,0.088340053509592,0.001554030950401,60.4395899886595,21.2249041263054,0.187221066694959,-0.109923664,-0.019888624,0,0.013596890224731,0.235523447336631,14.3733390353256,132322176,18.7007502340863
ITA,11,19_2t,1678378171,10453370,315825995,0.005414507294376,0.087808284940427,0.0013280999393,70.1926033397335,21.2410937896828,0.188173321398613,-0.064046243,-0.109923664,0,0.011602385029387,0.227138808035671,14.2851878839789,138252435,18.7445918112315
ITA,11,19_3t,1738339230,5152063,334111525,0.005248421181828,0.086826018349479,0.001503568212161,61.2372879305296,21.2761960288633,0.192201567584711,-0.079933978,-0.064046243,0,0.010956114755453,0.211583504505489,14.4051127959379,138530804,18.7466032704142
ITA,11,19_4t,1738713009,3894397,334197542,0.004993538558058,0.086236297543157,0.001735655928014,52.5621666303285,21.2764110264968,0.192209720793548,-0.031425598,-0.079933978,0,0.009263138917196,0.117238785229412,14.4459399588305,142847965,18.7772914408273
ITA,11,20_1t,1982498000,-9519000,484406000,0.010018077813436,0.213052505732513,0.006018758096455,37.0625600781881,21.4076235026455,0.244341230104646,-0.09629273,-0.031425598,0,-0.00480151808476,0.062357692164128,19.998433956024,123624000,18.6327552588957
ITA,11,20_2t,2075122000,-9097000,507594000,0.00879453085882,0.198488927310569,0.007310338682373,28.3548365097232,21.4532857840814,0.244609232613793,-0.070702607,-0.09629273,0,-0.004383838636957,0.060891359640542,20.0451924734037,126357000,18.6546217919259
ITA,11,20_3t,2110120000,-4984000,511015000,0.0078742027011,0.183991992692612,0.007989435877265,24.0149865824298,21.4700106548551,0.242173430894925,-0.051667757,-0.070702607,0,-0.002361950979091,0.06187278448619,20.0519095019446,130559000,18.687335789837
ITA,11,20_4t,2112586000,1984000,518016050,0.007080877818362,0.168701232745251,0.008179816701506,21.4897371149219,21.4711786264261,0.245204715926358,-0.040556199,-0.051667757,0,0.000939133365458,0.064656776102843,20.0655167842997,136593000,18.7325162592784
ITA,11,21_1t,2124817000,7916000,522779423,0.006920142499304,0.154553822031889,0.008229199112069,19.6220752872983,21.4769515179674,0.246035034075876,-0.075434352,-0.040556199,0,0.00372549730165,0.066061689077224,20.0746701797202,140369000,18.7597852274558
MER,12,12_4t,13515831,55057,2314210,0.003785770806623,0.071811342328828,0.006778597399596,11.1523238037356,16.4193722230388,0.171222176424076,-0.087323944,0,1,0.005370149074115,0.123524698589383,14.4275794531585,872125,13.6786880412415
MER,12,13_1t,13630247,28249,2216486,0.001905541155903,0.0700459681292,0.001685588182902,42.6862919513469,16.4278019252987,0.162615248278333,-0.022088353,-0.087323944,0,0.004795139833541,0.120351086398869,14.5407390846304,883944,13.6921489911969
MER,12,13_2t,13909325,-25551,2168704,0.00169018239511,0.068782221886697,0.001985439585216,35.4946102649292,16.4480700364821,0.155917271326969,0.011214953,-0.022088353,0,0.001342420222067,0.120332660600557,14.3685729190299,877978,13.6853768153557
MER,12,13_3t,13937857,-73223,2163386,0.001088514039224,0.067934194518788,0.002814838341727,24.5210204560652,16.4501192212063,0.155216544408513,-0.016456922,0.011214953,0,0.009587501396441,0.120668402394158,14.5311298388204,871735,13.6782407576219
MER,12,13_4t,13482574,-8990,2195993,0.00115089253535,0.067197559784841,0.002762107618176,24.7450359538621,16.4169085947748,0.16287639140716,-0.078516903,-0.016456922,0,0.003362156690443,0.115041342125153,14.6472550899831,900348,13.7105366342368
MER,12,14_1t,13635219,-58047,2195340,0.000801082555315,0.066164267711345,0.003165655982078,21.153704207209,16.428166635739,0.161005114769334,-0.085388994,-0.078516903,0,0.006433914815125,0.118876433208069,14.6547111523697,859131,13.6636766922494
MER,12,14_2t,13276585,-62070,2289274,8.66401648932331E-06,0.065321727542622,0.003253330054115,20.0810832200945,16.4015125153284,0.172429431212921,-0.00758214,-0.085388994,0,-0.002888323840633,0.116986210458488,14.4791068812511,804988,13.5985826494573
MER,12,14_3t,13223945,-47513,2744332,-0.000420507042857,0.064463338407373,0.003368159050532,19.0141945210121,16.3975397593697,0.207527481398327,-0.057116954,-0.00758214,0,0.003477043805392,0.120218801536466,14.2775418675522,774532,13.5600142549642
MER,12,14_4t,13275749,-87289,3197454,-0.001119473142614,0.063013814726663,0.003715068256905,16.6603511171041,16.4014495453462,0.240849235700374,-0.107675318,-0.057116954,1,-0.003359827685587,0.116458951544249,13.9283123187567,713819,13.4783847077843
MER,12,15_1t,13269665,-3834,3216656,-0.001286010635015,0.062164167592615,0.003620306814981,16.8157452030538,16.4009911610764,0.242406722400302,-0.08129285,-0.107675318,1,0.0003211056642,0.12041631882712,13.7453305535423,716055,13.4815122586351
MER,12,15_2t,12819697,81724,3084615,-0.000983428689923,0.061376892651812,0.004106793056547,14.7057480448431,16.3664933742321,0.240615281312811,0,-0.08129285,1,-0.010845078430123,0.119032056715168,13.7271732113563,745967,13.5224366422825
MER,12,15_3t,12395094,-12287,2778278,-0.001301407266208,0.060927653597938,0.003929028732185,15.1758234403557,16.3328113071258,0.224143358654642,-0.078431373,0,1,0.001095949411619,0.131249592263929,13.7834314825005,758320,13.5388607391269
MER,12,15_4t,12410146,21878,2457613,-0.00149395785267,0.06058884234032,0.003691085623347,16.0101635447991,16.3340249218175,0.19803256142192,-0.066595631,-0.078431373,1,0.002469727326116,0.138053525726777,13.8026714887211,750323,13.5282590594689
MER,12,16_1t,12415620,23829,2327503,-0.001506728443547,0.06127088348677,0.003677865807324,16.2496834235266,16.3344659152667,0.187465708518785,-0.066390041,-0.066595631,1,-0.000561661626965,0.138144340162576,13.7174058771767,906789,13.7176650669729
MER,12,16_2t,11968616,25387,2056736,-0.001176886786789,0.06229627730819,0.003820285846432,15.9986432896092,16.2977984484601,0.171844096259751,-0.022569444,-0.066390041,1,-0.001205688398214,0.138408102033799,13.9210662545731,902748,13.7131987236845
MER,12,16_3t,11317604,-6509,1845311,-0.000787019131382,0.063760214742171,0.003598731265664,17.4987213442764,16.2418699475586,0.163047850057309,-0.090909091,-0.022569444,1,-0.001549794653129,0.140881499542583,13.6642026669146,906672,13.7175360319397
MER,12,16_4t,10550962,13117,1925166,-0.000627853231536,0.065266025871535,0.003646453811054,17.7263105442474,16.1717275985634,0.182463551664768,-0.085505735,-0.090909091,1,0.00169717990061,0.132596632390604,13.6857321142091,895232,13.7048381815429
MER,12,17_1t,10256977,17875,1768696,-0.000127865436039,0.06730645036545,0.00351245733819,19.1258080771517,16.143468714916,0.172438331488898,-0.051383399,-0.085505735,1,-0.004764793142352,0.125535391611067,14.0627486894246,897417,13.7072759159595
MER,12,17_2t,10075586,26243,1810817,0.000478781296314,0.068450399356486,0.003276407918118,21.0380338393258,16.1256258278773,0.179723243888743,-0.000858369,-0.051383399,0,-0.043803449772123,0.10127037007616,14.3320291460139,749216,13.5267826054372
MER,12,17_3t,10075185,29768,1671265,0.001024409460741,0.070252253719901,0.003075732175652,23.1738848215971,16.1255860279113,0.1658793362107,-0.053926206,-0.000858369,0,0.00032881453637,0.105626553889947,14.5110897787155,807956,13.6022628805749
MER,12,17_4t,9693967,51241,1367679,0.002012820835167,0.072737773453963,0.002189765833036,34.1363415034602,16.0870142912141,0.141085584467123,-0.061119671,-0.053926206,0,0.001076199115559,0.104698767446364,14.5070880071403,810366,13.6052412764462
MER,12,18_1t,9394767,45031,1275350,0.002436331666419,0.075591201221495,0.002195572733374,35.538578021966,16.0556633900964,0.135751104843792,-0.03429101,-0.061119671,0,-0.002165896138071,0.107609564787406,14.4308713168553,828646,13.6275483224116
MER,12,18_2t,9023601,51424,1321637,0.002379994656224,0.078471726404917,0.002091533224391,38.6566754562052,16.0153540363169,0.146464476875695,0.034364261,-0.03429101,0,0.000408179035095,0.099452848509593,14.5378557960936,836988,13.6375650124513
MER,12,18_3t,9692454,41403,1406591,0.002818574064969,0.080677445163141,0.001859236450998,44.9087684265643,16.0868582025784,0.145122277598635,-0.026119403,0.034364261,0,-0.006240248603626,0.093400530166326,14.3522185253343,849521,13.6524279402124
MER,12,18_4t,9558018,66354,1501291,0.003250184221626,0.083006082924327,0.002167509376145,39.7951068148815,16.0728909413576,0.15707137190995,-0.063531766,-0.026119403,0,-0.005449320368633,0.087806934133244,14.4494166279646,844968,13.6470540357997
MER,12,19_1t,9319963,53232,1654119,0.003566212119774,0.084669205119582,0.002231344587495,39.5436086984677,16.0476692166968,0.177481283992222,-0.068114511,-0.063531766,0,-0.003760103444884,0.078960021477367,14.4536470167417,866697,13.6724447137111
MER,12,19_2t,9629048,76340,1624262,0.004050125740116,0.086140775617718,0.002502645368802,36.0382267828157,16.0802949211513,0.168683550024883,-0.005998286,-0.068114511,1,-0.003694185513082,0.077935994928273,14.5199418329845,896321,13.7060538867262
MER,12,19_3t,9876685,56654,1846589,0.004576063813559,0.087265582907618,0.002067628319477,44.4188376876271,16.1056874871067,0.186964452141584,-0.074925075,-0.005998286,0,-0.014654480059391,0.082941728025726,14.4902992479604,924550,13.7370624116351
MER,12,19_4t,9973099,43284,1843282,0.004834136402077,0.087981113904192,0.001788205683816,51.9041244227721,16.1154019261371,0.184825398805326,-0.033195021,-0.074925075,0,0.001907788801027,0.207955574267643,13.6699447557309,931834,13.744909966216
MER,12,20_1t,9972115,66052,1854506,-0.005785252692306,0.103445669992413,0.01307990859128,7.4664449387067,16.1153032558495,0.185969175044612,-0.013384321,-0.033195021,0,0.006623670104085,0.093689152200912,14.43312891128,934279,13.7475303878079
MER,12,20_2t,10618343,122997,2056382,-0.001169678066211,0.102501529232052,0.006623444056311,15.298966867439,16.1780935352393,0.193663173246523,0.054635762,-0.013384321,0,0.011583445741016,0.089940680951821,14.5364586859643,955021,13.7694886087499
MER,12,20_3t,10109405,169676,1890227,0.000201585299288,0.101779894180106,0.008421260647267,12.1100015485792,16.1289767366436,0.186977077285953,0.019178082,0.054635762,0,0.016783974922362,0.096966933266597,14.4522074856438,980278,13.7955914838884
MER,12,20_4t,10702874,226202,2126964,0.001873126797295,0.100747385560352,0.010374775125756,9.89134811248886,16.186022861497,0.198728304191939,0.009375,0.019178082,0,0.021134697091641,0.092308664009312,14.5702061687923,987968,13.8034055875415
MER,12,21_1t,10720114,85960,2073078,0.002721832429159,0.099856219648533,0.010430744402323,9.83420244243085,16.1876323478787,0.193382085302451,0.035406699,0.009375,0,0.008018571444296,0.096915573845577,14.5445450173381,1038946,13.8537172956797
PAN,13,12_4t,18528849,-26688,5159205,-0.008017399181063,0.11138274369688,0.014481310998374,7.13784439319209,16.7348394808439,0.278441742387776,-0.090576395,0,1,0.000491680566381,0.197664682673111,13.7079220065215,2489312,14.7275169250407
PAN,13,13_1t,21052716,66788,5424251,-0.008980559346633,0.111579191397278,0.013154371234979,7.79958465653058,16.8625401358978,0.257650889319934,0.029268293,-0.090576395,1,0.00470680286846,0.192236597356698,13.620098898388,2527275,14.7426522051427
PAN,13,13_2t,21435671,29193,6808218,-0.009103584218256,0.112297973958809,0.013040197117156,7.91356057070577,16.8805669614664,0.317611611038441,0.06402439,0.029268293,1,0.002778068400365,0.20186559853651,13.612708704308,2523272,14.7410670299772
PAN,13,13_3t,21397464,-9726,6756223,-0.009043365270355,0.114058554218904,0.013081730896289,8.02762186297091,16.878782968297,0.315748772845231,0.039156627,0.06402439,1,0.005032420750281,0.195404876576609,13.7212471301239,2514828,14.7377149695153
PAN,13,13_4t,21592913,-147342,7779471,-0.007500275208886,0.122821783632843,0.012034793618114,9.58234200629588,16.8878757169654,0.360278902619577,-0.106619801,0.039156627,1,0.005469465048364,0.188653623323216,13.8361520490021,2304860,14.6505304950412
PAN,13,14_1t,22230209,-119070,8385666,-0.008938219622175,0.122475393309345,0.010430059287852,10.8855731835976,16.9169626876056,0.377219395463174,0.103709311,-0.106619801,1,0.004202598353198,0.187114711455404,14.0307993411991,2226005,14.6157190569966
PAN,13,14_2t,22679576,-101335,9732014,-0.008587560521938,0.121069807174845,0.010510103512577,10.7022967488674,16.9369753417637,0.429109168531193,0.113372093,0.103709311,1,0.005066395187048,0.18208568931811,14.0658878806322,2156882,14.5841742182652
PAN,13,14_3t,25459852,-110260,9599500,-0.007138899190031,0.124256816097534,0.009703331004077,12.0698672299542,17.0526133380366,0.37704461125697,0.108280255,0.113372093,1,0.004586128974032,0.170300321726244,14.1568644314128,3408121,15.0416716709959
PAN,13,14_4t,25500416,-27817,9760907,-0.005450321230531,0.128427775074908,0.00871780582539,14.1064685664614,17.0542053237211,0.382774422189818,-0.073185012,0.108280255,1,0.006480126057039,0.17322606581257,14.057572424117,3634486,15.1059782559253
PAN,13,15_1t,26033301,-108986,8936897,-0.005677925585886,0.127432027462937,0.008639318169681,14.0930220980088,17.0748870841436,0.343287122904621,0.05982906,-0.073185012,1,0.005534722115129,0.177879303589506,14.0385357022687,3558634,15.0848873213283
PAN,13,15_2t,26073748,25619,9813934,-0.003247942906516,0.123318657933556,0.005119494260958,23.4536282114264,17.076439542358,0.376391380326296,0.066293184,0.05982906,1,0.001403899690427,0.159091926776342,13.9547071231526,3560906,15.085525564832
PAN,13,15_3t,26380342,-179568,9950358,-0.002453405983171,0.123150925563387,0.003329691082451,36.2488641112489,17.0881296695364,0.37718836245565,0.039399625,0.066293184,0,0.010054700067624,0.166039048956104,14.2150400853142,3602023,15.0970061900391
PAN,13,15_4t,26097092,138519,10610077,-0.001891057543773,0.123590653442155,0.00401554911909,30.3070868489276,17.077334448461,0.406561658287445,-0.081980198,0.039399625,0,0.006121916112456,0.162619693065826,14.3318209130548,3643797,15.1085368277971
PAN,13,16_1t,27445010,-156704,11320959,-0.002631237707476,0.124366154308044,0.003810752444444,31.9451127763647,17.1276949243312,0.412496078522107,0.015873016,-0.081980198,0,0.003093039381437,0.159834117815974,14.3023086179459,3550042,15.0824699923675
PAN,13,16_2t,27035112,-205772,11937224,-0.003379002367243,0.125104398336581,0.003836264581321,31.730187892152,17.1126470235675,0.441545202401973,0.064876957,0.015873016,0,0.004480238427166,0.149944483473344,14.5876699153832,3421905,15.045707971506
PAN,13,16_3t,27896154,-43540,12144028,-0.003471189765924,0.125501549280391,0.003772359079549,32.3485535022431,17.1439993878271,0.435329830771654,0.072847682,0.064876957,0,-0.001560788630576,0.12229506619443,16.3123480842802,3411562,15.0426808088963
PAN,13,16_4t,27505576,22106,12067954,-0.002835579822607,0.126944212704037,0.00379862886172,32.6719554342678,17.1298993057194,0.438745729229593,-0.074044586,0.072847682,0,0.000803691586026,0.124053464650222,16.3060640675203,3412162,15.0428566659508
PAN,13,17_1t,27612813,18115,12866189,-0.002334558075266,0.128914638714231,0.003832289244558,33.0298869843213,17.1337904620922,0.465949955913583,0.033573141,-0.074044586,0,0.000656036022118,0.123779348377147,16.3701134207255,3417896,15.0445357150444
PAN,13,17_2t,27239992,89672,12260728,-0.001687887937838,0.131575008790806,0.004085872508643,31.7893229850459,17.1201967455598,0.450100279030919,-0.061696658,0.033573141,0,0.003291924608495,0.127026836131229,16.3219118668073,3460210,15.0568398388337
PAN,13,17_3t,26993359,21099,10739333,-0.001261856544529,0.131294112000447,0.004051641054053,32.0937254117916,17.1111014307518,0.397850930667799,-0.049457177,-0.061696658,0,0.000781636698123,0.130491799853438,16.1894235408334,3522412,15.074656540186
PAN,13,17_4t,25834324,-27895,9314782,-0.001260933219114,0.130886860678784,0.004051684830897,31.9930924713523,17.0672145533073,0.3605583796193,-0.114116653,-0.049457177,0,-0.001079765044365,0.13763952174634,16.0471131586307,3555824,15.0840973805778
PAN,13,18_1t,25811958,120281,9377733,-0.000523741410377,0.132377876918657,0.004269916228425,30.8797944630684,17.0663484308864,0.363309633465233,-0.004878049,-0.114116653,0,0.00465989445667,0.154587652746064,16.0538486073371,3990210,15.19935441906
PAN,13,18_2t,26679305,102636,10007063,-0.000285035778112,0.133542233679732,0.004438518783666,30.0228982677763,17.0993987291971,0.375087094660075,-0.03286385,-0.004878049,0,0.00384702674976,0.150542827108877,16.1188017016459,4016378,15.2058910594303
PAN,13,18_3t,27736455,109254,10807180,0.000610455094789,0.134323373831302,0.004071966936442,33.1372604523119,17.1382581708851,0.389638113450331,-0.032412965,-0.03286385,0,0.003939003740745,0.145915618993127,16.1957212860178,4047182,15.2135313944307
PAN,13,18_4t,27230431,146105,10494341,0.000615261072464,0.135222735142084,0.004078044570614,33.3095908743595,17.1198456926554,0.385390190849348,-0.127853881,-0.032412965,1,0.005365504497523,0.150416972834547,16.1663467174598,4095919,15.2255016701153
PAN,13,19_1t,28513947,134576,11274953,0.001484377734786,0.136583972014151,0.003701485098361,37.300798484927,17.1659038939583,0.395418880451731,-0.014851485,-0.127853881,0,0.004719655262037,0.145685933974697,16.2380942748299,4154081,15.2396017825059
PAN,13,19_2t,30209742,179860,10384236,0.00261479404348,0.137695174702834,0.00256941128277,54.6078277491747,17.2236750131079,0.343737990215209,0.018270402,-0.014851485,0,0.005953708575201,0.139907053823896,16.1557994449405,4226556,15.2568980349972
PAN,13,19_3t,31548224,190214,11415601,0.003247302203406,0.140264320532838,0.002374930478651,60.4277152642226,17.2670278537664,0.36184607412449,0.01050175,0.018270402,0,0.006029309288536,0.153124816154469,16.250491486582,4830816,15.3905259554587
PAN,13,19_4t,32798131,-114318,12745468,0.002889869280571,0.142442915748619,0.003013146688935,48.2328940581853,17.3058820900235,0.388603484753445,-0.130062305,0.01050175,0,-0.003485503487988,0.150196607239602,16.3606863154006,4926168,15.4100719618314
PAN,13,20_1t,33738513,209765,14246584,0.003353314226854,0.144531944898694,0.003065563774922,48.240803318249,17.3341505617932,0.422264727553345,-0.013993541,-0.130062305,0,0.00621737537751,0.148847698178044,16.4720277166434,5021900,15.4293189061159
PAN,13,20_2t,33741255,410663,13419609,0.004093232694478,0.146573701422602,0.003983506986833,37.8226860440056,17.3342318305966,0.397721098400163,0.028741328,-0.013993541,0,0.012170946219991,0.151527914418121,16.4122275534649,5112742,15.4472464131763
PAN,13,20_3t,35377529,648488,13595936,0.005555638451734,0.147998665666672,0.005564671981557,27.594493373073,17.3815874025384,0.384309938661912,0.061394381,0.028741328,0,0.018330505785184,0.147591370782284,16.4252814825202,5221418,15.4682795704789
PAN,13,20_4t,38963426,896614,13153187,0.007563259105616,0.147901481963681,0.007089939949849,21.9275116811955,17.4781339692174,0.337577783842725,-0.100321027,0.061394381,0,0.023011682802226,0.136473317310444,16.3921746446387,5317468,15.4865078081729
PAN,13,21_1t,39159514,288031,12926761,0.007787878419043,0.146583302189334,0.007032056450716,21.9524945071577,17.4831539649265,0.330105245943553,0.278911565,-0.100321027,0,0.007355326217787,0.138769495453902,16.3748102166601,5434146,15.5082129364765
PINE,15,12_4t,10405652,96389,1878417,0.006277194031596,0.101192180511607,0.003289868741568,32.6667666661911,16.1578596780283,0.180518914143967,-0.086654479,0,0,0.009263138917196,0.117238785229412,14.4459399588305,1219946,14.0143171534348
PINE,15,13_1t,10204186,54798,1844243,0.006342155745938,0.102513234777316,0.003261108556898,33.3798733234487,16.1383085862235,0.180733965453001,-0.129622105,-0.086654479,0,0.005370149074115,0.123524698589383,14.4275794531585,1260469,14.0469944318924
PINE,15,13_2t,10457255,50144,2065203,0.006241072734945,0.103669256641509,0.003291064969065,33.3965845127852,16.1628065538624,0.197489972272838,-0.090568862,-0.129622105,0,0.004795139833541,0.120351086398869,14.5407390846304,1258542,14.0454644660638
PINE,15,13_3t,10507887,14106,1738569,0.005803708470988,0.105773988539973,0.00357670796135,31.1956408565314,16.1676366760183,0.165453720619569,-0.087037729,-0.090568862,0,0.001342420222067,0.120332660600557,14.3685729190299,1264442,14.0501414761082
PINE,15,13_4t,10544666,101097,2045453,0.006129261706045,0.107932783778505,0.003738636323229,30.5089972982526,16.1711306976143,0.193979875702085,-0.028384279,-0.087037729,0,0.009587501396441,0.120668402394158,14.5311298388204,1272408,14.0564217261684
PINE,15,14_1t,11046481,37140,2297323,0.006095494901822,0.109737343209779,0.003763654141057,30.7766956713724,16.2176224736699,0.207968763989184,-0.059760956,-0.028384279,0,0.003362156690443,0.115041342125153,14.6472550899831,1270802,14.055158755188
PINE,15,14_2t,10682765,68732,2314516,0.006024393826746,0.112271891981957,0.003747118800403,31.5699320224294,16.1841422531198,0.216658889341851,-0.064935065,-0.059760956,0,0.006433914815125,0.118876433208069,14.6547111523697,1269929,14.0544715513602
PINE,15,14_3t,10885206,-31440,1941763,0.005614216556273,0.113978429847254,0.00443070558647,26.9917836041147,16.202915177598,0.178385507816756,-0.070389304,-0.064935065,0,-0.002888323840633,0.116986210458488,14.4791068812511,1273419,14.0572159671385
PINE,15,14_4t,10447093,36325,1587295,0.004743453433173,0.116405701907148,0.003596998094518,33.6806281674025,16.1618343158572,0.151936524351798,-0.046327684,-0.070389304,0,0.003477043805392,0.120218801536466,14.2775418675522,1255937,14.0433924655166
PINE,15,15_1t,10680012,-35883,1119410,0.003973213040598,0.117837641950139,0.00425940215188,28.5981108726682,16.1838845150912,0.104813552643948,0.032201915,-0.046327684,0,-0.003359827685587,0.116458951544249,13.9283123187567,1243783,14.0336680997663
PINE,15,15_2t,10030966,3221,932226,0.003305977915736,0.119132054670555,0.004140701458674,29.5693939319893,16.1211874663673,0.09293481804245,0.02607362,0.032201915,0,0.0003211056642,0.12041631882712,13.7453305535423,1207892,14.0043872495066
PINE,15,15_3t,9920168,-107585,915452,0.002238278371848,0.119095478968924,0.005826117424727,20.8258345130176,16.1100804146015,0.092281904903223,-0.018707483,0.02607362,1,-0.010845078430123,0.119032056715169,13.7271732113563,1180818,13.9817179766146
PINE,15,15_4t,8859898,9710.0000001,968430,0.001557679246383,0.120263046221801,0.005391725600404,22.5940143280022,15.9970458100996,0.109304870101213,-0.106054449,-0.018707483,0,0.001095949411619,0.131249592263929,13.7834314825005,1162858,13.9663913260239
PINE,15,16_1t,8507012,21010,987243,0.00131597743405,0.121473781816584,0.005268893473361,23.3046577751929,15.9564013225601,0.11605050045774,-0.028855721,-0.106054449,0,0.002469727326116,0.138053525726777,13.8026714887211,1174423,13.9762875211193
PINE,15,16_2t,8435684,-4738,906554,0.000869577312341,0.122956552963559,0.005173387349849,23.9352134109008,15.9479813613681,0.107466567026456,-0.046237534,-0.028855721,0,-0.000561661626965,0.138144340162576,13.7174058771767,1165342,13.9685251641327
PINE,15,16_3t,8323046,-10035,1111328,0.000657234927318,0.124462839749663,0.005204415776118,24.0411373839738,15.9345388515663,0.133524192945708,-0.065259117,-0.046237534,0,-0.001205688398214,0.138408102033799,13.9210662545731,1151977,13.9569901547609
PINE,15,16_4t,8150112,-12631,859583,-0.000270873076813,0.126147264512031,0.00439762421427,28.6237261989702,15.9135422274539,0.105468857360488,-0.079136691,-0.065259117,0,-0.001549794653129,0.140881499542583,13.6642026669146,1148200,13.9537060567157
PINE,15,17_1t,8702672,14770,878290,-0.000409621142632,0.127610205367486,0.004297709759566,29.597295150449,15.9791406629079,0.100921877786501,0.13748191,-0.079136691,0,0.00169717990061,0.132596632390604,13.6857321142091,1153945,13.9586970646024
PINE,15,17_2t,8975206,-42765,1280484,-0.001342846805756,0.128165118567736,0.003871293159967,32.7596662204366,16.0099764447215,0.142669037345772,0.057766367,0.13748191,0,-0.004764793142352,0.125535391611067,14.0627486894246,1126706,13.9348088894243
PINE,15,17_3t,9038626,-395923,1676182,-0.00475244063338,0.126855465202542,0.01288362724971,9.47737948347673,16.0170177296661,0.185446549066197,0.38372093,0.057766367,1,-0.043803449772123,0.10127037007616,14.3320291460139,915345,13.7270563223728
PINE,15,17_4t,8600593,2827.9999998,2004870,-0.005014793072465,0.125639444565332,0.012731975339667,9.47415057560292,15.9673417123349,0.233108344971097,-0.099176793,0.38372093,1,0.00032881453637,0.105626553889947,14.5110897787155,908451,13.719496230306
PINE,15,18_1t,8866389,9542,1996863,-0.004645124172369,0.124659429223841,0.012848263309608,9.34089706596582,15.997778168804,0.2252171656353,0.157733538,-0.099176793,1,0.001076199115559,0.104698767446364,14.5070880071403,928300,13.741110235388
PINE,15,18_2t,8586746,-18598,1850324,-0.004852374322559,0.123592199720532,0.01278075354217,9.29051835685543,15.9657304096201,0.215486052574514,0.070539419,0.157733538,1,-0.002165896138071,0.107609564787406,14.4308713168553,924016,13.7364846664912
PINE,15,18_3t,9395387,3835,2059257,-0.003914602867124,0.121960599036734,0.012713744200806,9.28491200586873,16.0557293821048,0.21917745378663,0.112676056,0.070539419,1,0.000408179035095,0.099452848509593,14.5378557960936,934398,13.7476577506429
PINE,15,18_4t,9301232,-58042,1710367,-0.004525952701728,0.1188065105286,0.012626992077398,9.0504973097618,16.045657422468,0.183886070146406,0.019287834,0.112676056,1,-0.006240248603626,0.093400530166326,14.3522185253343,868740,13.6747991650035
PINE,15,19_1t,9454390,-51520,1884959,-0.005185873342957,0.114619294562472,0.01243359577886,8.80142986517027,16.0619897418644,0.199373941629233,0.191977077,0.019287834,1,-0.005449320368633,0.087806934133244,14.4494166279646,830161,13.6293749368655
PINE,15,19_2t,10228442,-38460,1892950,-0.005452410161117,0.109687268005372,0.012359517228052,8.43357033458187,16.1406828291642,0.185067285907277,0.138075314,0.191977077,1,-0.003760103444884,0.078960021477367,14.4536470167417,807638,13.6018692173104
PINE,15,19_3t,10044704,-37107,2022696,-0.005659784920689,0.104647925746578,0.01230253109178,8.04616058983427,16.1225560884003,0.201369398242098,0.138743455,0.138075314,1,-0.003694185513082,0.077935994928273,14.5199418329845,782844,13.5706887214068
PINE,15,19_4t,10140312,-148601,1963618,-0.006751842037877,0.099819611453506,0.012484814192299,7.45447773448115,16.1320293248847,0.193644732035858,0.06025825,0.138743455,1,-0.014654480059391,0.082941728025726,14.4902992479604,841055,13.642412335152
PINE,15,20_1t,11329974,-51560,2156356,-0.00727250375157,0.094961602383398,0.012228068172841,7.17113262637765,16.242962338209,0.190323119894185,0.139664804,0.06025825,1,-0.004550760663705,0.074300523549304,14.5839303179738,841823,13.6433250573497
PINE,15,20_2t,11838318,-34416,2306990,-0.007117701802345,0.090448673223006,0.012274371408995,6.78902150211891,16.2868521165177,0.194874812452242,-0.072953737,0.139664804,1,-0.002907169751649,0.071380241686361,14.6514542025128,845022,13.6471179415034
PINE,15,20_3t,12208277,-51137,2340338,-0.003816473952491,0.087570538919927,0.00414750440594,20.1938459299724,16.3176247222883,0.19170092552782,-0.037174721,-0.072953737,1,-0.004188715573868,0.066732758439213,14.6658059213472,814692,13.610565406685
PINE,15,20_4t,13757792,-125078,2329611,-0.004601494312819,0.083569811198413,0.00418293480686,18.8786869821857,16.4371159124773,0.169330296605734,-0.040718563,-0.037174721,1,-0.009091429787571,0.057617821231779,14.661211858814,792694,13.5831925497289
PINE,15,21_1t,14395156,-5409,2613406,-0.004722490188998,0.07918696480667,0.004021661801122,18.5158470055569,16.4824023190659,0.181547598372675,0.068847989,-0.040718563,1,-0.000375751398595,0.052104610745448,14.7761649093943,750054,13.5279004829206
SAN,16,12_4t,447352706,601686,74901698,0.002429165335914,0.162520479379137,0.002048524118528,80.5212119413977,19.9188578928945,0.167433206495458,-0.123110151,0,0,0.001344992423048,0.149122424219783,18.1316871184575,66710320,18.0158702215562
SAN,16,13_1t,448600756,1096107,73050990,0.002336731025639,0.158462027342808,0.002018021613046,79.6813856347917,19.9216438652919,0.162841878937895,-0.071428571,-0.123110151,0,0.00244339088898,0.142982295821187,18.1066682484305,64141966,17.9766094034589
SAN,16,13_2t,468049970,-725172,72539907,0.001896021331012,0.155385386926336,0.002248243687564,69.9574557363779,19.9640856216863,0.154983253177006,-0.040242976,-0.071428571,0,-0.001549347391263,0.138632073836048,18.0996474097669,64886738,17.9881538156466
SAN,16,13_3t,465408264,694620,79031236,0.001631286381128,0.152151882950628,0.002072136659049,74.2147814721621,19.9584255654432,0.169810555834909,-0.028016436,-0.040242976,0,0.001492496059331,0.138988866342949,18.1853537246894,64686567,17.9850641181315
SAN,16,13_4t,485865613,-660956,82599906,0.001177715263422,0.149036230647376,0.002082484335608,72.1320892274301,20.0014426271661,0.170005663685444,0.019621708,-0.028016436,0,-0.001360367933674,0.131325719072858,18.229519100476,63806651,17.9713679905305
SAN,16,14_1t,494611859,1527798,83192321,0.001098193873079,0.145227538290724,0.001978754725609,73.9483930322567,20.0192838897152,0.168197182267722,0.091961415,0.019621708,0,0.003088882670725,0.117757807339593,18.2366656058589,58244408,17.8801586458018
SAN,16,14_2t,494200032,1349851,83836786,0.001070018203378,0.142380704284353,0.001950336538348,73.5517792274156,20.0184509162699,0.169641401399181,0.094268713,0.091961415,0,0.00273138590165,0.119385425292728,18.2443824428785,59000281,17.8930527645705
SAN,16,14_3t,514938183,-301592,83837825,0.001130284626944,0.139385288273807,0.001880051729384,74.7402694854692,20.0595574184138,0.162811435950556,0.099878935,0.094268713,0,-0.000585685835614,0.115485747538749,18.2443948359295,59468021,17.9009492638464
SAN,16,14_4t,589956154,-98502,92206481,0.001000339871661,0.134637748078151,0.0019138746634,70.8709355652553,20.1955587768483,0.156293786198898,0.008540796,0.099878935,0,-0.000166964950416,0.099095677879818,18.339540978898,58462105,17.8838893245256
SAN,16,15_1t,612290572,-2871080,88081471,0.000285054325387,0.129280556449619,0.002299144426786,56.3538372211427,20.2327175186488,0.143855670866021,0.075903215,0.008540796,0,-0.004689080856858,0.096118238123059,18.2937727509659,58852291,17.8905413203946
SAN,16,15_2t,605289511,7396562,91383623,0.001410807005976,0.125331857026276,0.004077662903488,31.0821828660307,20.2212174321144,0.150975064558817,0.063674955,0.075903215,0,0.012219874730326,0.105136854089646,18.3305768409388,63638235,17.9687250269198
SAN,16,15_3t,702406659,-6218177,97065689,0.000509741828732,0.119901213319519,0.005028961272971,23.9435041576906,20.3700230805933,0.138190160580468,0.061101836,0.063674955,0,-0.008852673761454,0.084783430277816,18.3908985134526,59552446,17.9023679276492
SAN,16,15_4t,677449737,1315197,95684682,0.000559441978016,0.114458282568617,0.005040899180933,22.816906353072,20.3338459190361,0.141242481580593,-0.000710985,0.061101836,0,0.001941394214461,0.083807255208957,18.3765687809159,56775203,17.8546102214669
SAN,16,16_1t,668749602,4809849,92460603,0.000955184558145,0.110017314265374,0.005377423600642,20.6367411357132,20.3209202610341,0.138258927890921,0.055113093,-0.000710985,1,0.007192301850521,0.089690676182264,18.3422931982422,59980604,17.9095318012578
SAN,16,16_2t,655194256,5319071,90572173,0.001760822791042,0.106323290799715,0.005683569627025,19.0169419367757,20.3004423236759,0.138237129172879,0.036508842,0.055113093,1,0.008118311403511,0.094303792248142,18.3216575825553,61787303,17.9392084482451
SAN,16,16_3t,661185736,1950330,96261327,0.001882260288616,0.102746040068768,0.005692875732811,18.378813321772,20.3095453507807,0.145588934786095,0.049930265,0.036508842,1,0.002949746030214,0.096061857571592,18.3825772073249,63514730,17.9667824054663
SAN,16,16_4t,701704537,1699644,97394726,0.00219747134625,0.098963039625021,0.005600988046921,18.0611902978222,20.3690229859277,0.138797343988101,-0.008940397,0.049930265,1,0.002422164757929,0.085929713747882,18.3942826193028,60297270,17.9147973870407
SAN,16,17_1t,713517082,4146899,99747972,0.00242439051646,0.096538635851173,0.005694761569338,17.3779051436457,20.3857169357298,0.139797594922892,0.03866746,-0.008940397,1,0.005811912713254,0.088664962053424,18.4181572827005,63263965,17.9628264517151
SAN,16,17_2t,653050441,1959245,119132346,0.002446786978429,0.094680349119384,0.005696606874416,17.0499980495439,20.2971649292804,0.18242441704438,0.044600281,0.03866746,1,0.003000143445275,0.097085984511264,18.5957455843542,63402045,17.9650066744078
SAN,16,17_3t,676768466,4720075,145015119,0.003076796718536,0.093014222656342,0.005748559905499,16.7156680898386,20.3328397723812,0.214275821474223,0.065036131,0.044600281,1,0.006974431045669,0.09549222998224,18.7923485639147,64626130,17.9841293761332
SAN,16,17_4t,683732212,2561787,144589321,0.003402941256304,0.092239277323845,0.005658105862877,16.903575312661,20.3430768960056,0.211470687591358,0.009542293,0.065036131,1,0.003746769502795,0.089796333889853,18.7894080129562,61396646,17.9328657662182
SAN,16,18_1t,724348068,4841691,158654148,0.004350715080255,0.091621002960844,0.005104920522315,18.7998456825299,20.4007825917295,0.219030263224227,0.044998714,0.009542293,1,0.006684205030557,0.088698945767051,18.8822372212552,64248910,17.9782753166152
SAN,16,18_2t,739071112,60408.999999,178365269,0.00333920355137,0.090233783870956,0.00457945002223,20.4332369538037,20.4209047016172,0.241337086653713,0.032605905,0.044998714,1,8.17363837094474E-05,0.088490225010987,18.9993440786642,65400569,17.9960415166954
SAN,16,18_3t,769989576,3812108,188556639,0.004489497750943,0.090489591172578,0.002500225805551,37.9882043904354,20.461887535058,0.244882067078789,0.056989522,0.032605905,0,0.004950856633415,0.087853117897274,19.0549089918682,67645985,18.0297985612263
SAN,16,18_4t,805819289,5990868,193424668,0.004947257031348,0.09046582335343,0.002494141073455,38.2548851788146,20.5073700681367,0.240034795195874,0.006909851,0.056989522,0,0.007434505579327,0.083522041379181,19.0803986819708,67303672,18.0247253547907
SAN,16,19_1t,803679182,5351500,187146304,0.004902794506424,0.090258470167401,0.002454928269568,38.7633585280169,20.5047107201475,0.232861953117009,0.063149032,0.006909851,0,0.006658751551437,0.087202437949923,19.0474012432552,70082784,18.0651877298308
SAN,16,19_2t,836257585,6027871,203970799,0.004826947811356,0.089600741249087,0.002358726316125,40.0333385076947,20.5444472396197,0.243909057040122,0.062534588,0.063149032,0,0.00720815106269,0.086411045228367,19.1334873994058,72261892,18.0958074665682
SAN,16,19_3t,838732718,2889202,200696970,0.004868195903642,0.089096191668097,0.002327029511831,40.3795427148684,20.5474026415669,0.23928596761859,0.077312342,0.062534588,0,0.003444723137652,0.090007262599717,19.1173067164927,75492036,18.1395377252118
SAN,16,19_4t,857543067,2493307,212838421,0.004908640558914,0.088880474876018,0.002284480410816,41.0549002700561,20.5695819596499,0.248195605784077,0.006107361,0.077312342,0,0.00290750062119,0.083341112242938,19.1760438489466,71468593,18.0847686524206
SAN,16,20_1t,1001788116,-7113192,239410222,0.003832606541943,0.087508561575249,0.004122186267014,22.1584281254147,20.7250523561702,0.238982892865541,-0.041120651,0.006107361,0,-0.007100495490406,0.072202002444198,19.2936890485893,72331108,18.0967648573864
SAN,16,20_2t,993019686,-7425917,278555138,0.002959418204669,0.085671059328057,0.005265726096726,16.8315776219037,20.7162610465864,0.280513208274906,-0.06961507,-0.041120651,0,-0.007478116602011,0.075035957544955,19.4451265797824,74512183,18.1264732001815
SAN,16,20_3t,985261641,9220373,95426259,0.003158073865017,0.084215726678414,0.005471898147145,15.9677315245742,20.7084177892449,0.096853723954123,-0.002253267,-0.06961507,0,0.009358298969847,0.078028238186531,18.3738643501161,76878230,18.1577332994685
SAN,16,20_4t,990224751,24303174,99950659,0.004891100473475,0.083277965465153,0.008258824973388,10.6757397357047,20.7134424965396,0.100937346697366,-0.059538275,-0.002253267,0,0.024543088804291,0.078543199330714,18.4201872121856,77775420,18.1693360009263
SAN,16,21_1t,985379533,3392694,289885433,0.00462100278315,0.082488275431617,0.008247844524991,10.5614597790765,20.7085374376128,0.294186578157799,0.005577006,-0.059538275,0,0.003443032746652,0.079222665364615,19.4849963442679,78064393,18.1730445953559
